Workbook
Name в: [1]Лист2!$G$2:$G$9
Name Канал_поступления: Лист2!$E$2:$E$8
Name Категории_диагнозов: Лист3!$A$2:$A$18
Name Куда_переведён: Лист2!$G$2:$G$12
Name Манипуляции: Лист2!$U$2:$U$13
Name Отделения: Лист2!$G$2:$G$9

Sheet Лист1
A1: № п/п | B1: № и/б | C1: Отделение | D1: Дата поступления | E1: Время поступления | F1: Фамилия, имя, отчество | G1: Дата рождения | H1: Возраст | I1: Канал поступления | J1: Профиль отделения | K1: Адрес регистраци | L1: Диагноз при поступлении в ОРИТ | M1: Категория диагноза | N1: Длительность ИВЛ | O1: Манипуляции | P1: Куда переведён | Q1: Дата перевода | R1: Время перевода
A2: =ROW(A1) -> 1 | B2: 1029 | C2: ДОТО | D2: 44098 | E2: 0.67361111 | F2: Манукян Мариям | G2: 41014 | H2: =DATEDIF(G2,D2,"y") & " г. " & DATEDIF(G2,D2,"ym") & " мес. " & DATEDIF(G2,D2,"md") & " дн." -> 8 г. 5 мес. 9 дн. | I2: Из других больниц | J2: ДОТО | K2: Кинешма | L2: Сочетанная травма. ПАЛЛИАТИВНЫЙ | M2: Травма сочетанная и изолированная | N2: ИВЛ | O2: ЦВК | P2: Летальный исход | Q2: 44237 | R2: 0.067361111
A3: 2 | B3: 1106 | C3: ДХО-2 | D3: 44167 | E3: 0.48611111 | F3: Смирнов Илья | G3: 44166 | H3: =DATEDIF(G3,D3,"y") & " г. " & DATEDIF(G3,D3,"ym") & " мес. " & DATEDIF(G3,D3,"md") & " дн." -> 0 г. 0 мес. 1 дн. | I3: Из других больниц | J3: ДХО-2 | K3: Наволоки | L3: Пневмоторакс, вр.патология легких? | M3: Болезни органов дыхания | N3: 61 день | O3: ЦВК | P3: Летальный исход | Q3: 44227 | R3: 0.5
A4: =ROW(A3) -> 3 | B4: 346 | C4: Неврология | D4: 44168 | E4: 0.26041667 | F4: Федотов Максим | G4: 43613 | H4: =DATEDIF(G4,D4,"y") & " г. " & DATEDIF(G4,D4,"ym") & " мес. " & DATEDIF(G4,D4,"md") & " дн." -> 1 г. 6 мес. 5 дн. | I4: Доставлен СМП | J4: Неврология | K4: Иваново ул. 2-ая Нагорная д. 20 кв. 47 | L4: Судороги неясного генеза | M4: Болезни нервной системы и органов чувств | N4: ИВЛ | O4: ЦВК | P4: Другие больницы | Q4: 44235
A5: =ROW(A4) -> 4 | B5: 501 | C5: Педиатрия | D5: 44195 | E5: 0.63541667 | F5: Палагутова Мира | G5: 43783 | H5: =DATEDIF(G5,D5,"y") & " г. " & DATEDIF(G5,D5,"ym") & " мес. " & DATEDIF(G5,D5,"md") & " дн." -> 1 г. 1 мес. 16 дн. | I5: Из других больниц | J5: Педиатрия | K5: Иваново ул. Кузнецова д. 67-б кв. 174 | L5: ОРВИ. Бронхит. Пневмония? | M5: Болезни органов пищеварения | N5: 0 | O5: Периф. вен. катетер | P5: ДХО-1 | Q5: 44199
A6: =ROW(A5) -> 5 | B6: 494 | C6: Педиатрия | D6: 44195 | E6: 0.63888889 | F6: Федотов Яромир | G6: 40074 | H6: =DATEDIF(G6,D6,"y") & " г. " & DATEDIF(G6,D6,"ym") & " мес. " & DATEDIF(G6,D6,"md") & " дн." -> 11 г. 3 мес. 12 дн. | I6: Из профильных отделений | J6: Педиатрия | K6: Тейковский район с. Новое Леушино ул. Завокзальная д. 8 | L6: Энцефалопатия. Вегетативное состояние. Паллиатив. | M6: Болезни нервной системы и органов чувств | N6: 0 | O6: Периф. вен. катетер | P6: Педиатрия | Q6: 44199
A7: 6 | B7: 740 | C7: Пульмо | D7: 44196 | E7: 0.66666667 | F7: Патурова Виктория | G7: 42062 | H7: =DATEDIF(G7,D7,"y") & " г. " & DATEDIF(G7,D7,"ym") & " мес. " & DATEDIF(G7,D7,"md") & " дн." -> 5 г. 10 мес. 4 дн. | I7: Доставлен СМП | J7: Пульмо | K7: Старая Вичуга ул. Чапаева дом 19 | L7: Пневмония внебольничная, тяжелая | M7: Болезни органов дыхания | N7: 0 | O7: ЦВК | P7: Пульмо | Q7: 44200
A8: =ROW(A7) -> 7 | B8: 502 | C8: Педиатрия | D8: 44196 | E8: 0.76388889 | F8: Смирнов Сурэн | G8: 44015 | H8: =DATEDIF(G8,D8,"y") & " г. " & DATEDIF(G8,D8,"ym") & " мес. " & DATEDIF(G8,D8,"md") & " дн." -> 0 г. 5 мес. 28 дн. | I8: Доставлен СМП | J8: Педиатрия | K8: Вичуга ул. Меньжинского дом 21 | L8: Пневмония. Анемия. | M8: Болезни органов дыхания | N8: 0 | O8: Гемотрансфузии | P8: Педиатрия | Q8: 44197
A9: =ROW(A8) -> 8 | B9: 503 | C9: Педиатрия | D9: 44196 | E9: 0.76736111 | F9: Смирнов Ризван | G9: 44015 | H9: =DATEDIF(G9,D9,"y") & " г. " & DATEDIF(G9,D9,"ym") & " мес. " & DATEDIF(G9,D9,"md") & " дн." -> 0 г. 5 мес. 28 дн. | I9: Доставлен СМП | J9: Педиатрия | K9: Вичуга ул. Меньжинского дом 21 | L9: Пневмония. Анемия. | M9: Болезни органов дыхания | N9: 0 | O9: Гемотрансфузии | P9: Педиатрия | Q9: 44197
A10: 9 | B10: 2 | C10: ДХО-2 | D10: 44197 | E10: 0.70833333 | F10: Угодин | G10: 44197 | H10: =DATEDIF(G10,D10,"y") & " г. " & DATEDIF(G10,D10,"ym") & " мес. " & DATEDIF(G10,D10,"md") & " дн." -> 0 г. 0 мес. 0 дн. | I10: Из других больниц | J10: ДХО-2 | K10: Иваново | L10: Вр.перитонит | M10: Болезни органов пищеварения | N10: 140 часов | O10: Глуб. вен. линия | P10: ОПНН | Q10: 44210
A11: =ROW(A10) -> 10 | B11: 741 | C11: Пульмо | D11: 44198 | E11: 0.47222222 | F11: Малов Алексей | G11: 43374 | H11: =DATEDIF(G11,D11,"y") & " г. " & DATEDIF(G11,D11,"ym") & " мес. " & DATEDIF(G11,D11,"md") & " дн." -> 2 г. 3 мес. 1 дн. | I11: Из других больниц | J11: Пульмо | K11: Южа ул. Ганабина д. 28 | L11: Обструктивный бронхит | M11: Болезни органов дыхания | N11: 0 | O11: Периф. вен. катетер | P11: Пульмо | Q11: 44201
A12: =ROW(A11) -> 11 | B12: 3 | C12: ОПНН | D12: 44201 | E12: 0.72916667 | F12: Поляева Дарья | G12: 44180 | H12: =DATEDIF(G12,D12,"y") & " г. " & DATEDIF(G12,D12,"ym") & " мес. " & DATEDIF(G12,D12,"md") & " дн." -> 0 г. 0 мес. 21 дн. | I12: Из других больниц | J12: ОПНН | K12: Тейково ул. 8 Марта 14- 21 | L12: ВУИ. ПП ЦНС. ЦИ 2 ст. | M12: Болезни нервной системы и органов чувств | N12: 0 | O12: Периф. вен. катетер | P12: ОПНН | Q12: 44205
A13: =ROW(A12) -> 12 | B13: 2 | C13: Пульмо | D13: 44201 | E13: 0.75694444 | F13: Бугаков Евгений | G13: 44078 | H13: =DATEDIF(G13,D13,"y") & " г. " & DATEDIF(G13,D13,"ym") & " мес. " & DATEDIF(G13,D13,"md") & " дн." -> 0 г. 4 мес. 1 дн. | I13: Доставлен СМП | J13: Пульмо | K13: Иваново ул. Павленко д. 16 кв.16 | L13: Токсическая эритема | M13: Болезни органов дыхания | N13: 0 | O13: Периф. вен. катетер | P13: Пульмо | Q13: 44202
A14: =ROW(A13) -> 13 | B14: 9 | C14: ДХО-1 | D14: 44201 | E14: 0.55555556 | F14: Юматова Елизавета | G14: 40919 | H14: =DATEDIF(G14,D14,"y") & " г. " & DATEDIF(G14,D14,"ym") & " мес. " & DATEDIF(G14,D14,"md") & " дн." -> 8 г. 11 мес. 25 дн. | I14: Из других больниц | J14: ДХО-1 | K14: Кохма ул. Машиностроителей д. 25 кв. 78 | L14: Панкреонекроз. Сахарный диабет 1 типа. | M14: Болезни органов пищеварения | N14: 3 часа | O14: ЦВК | P14: ДХО-1 | Q14: 44208
A15: =ROW(A14) -> 14 | B15: 11 | C15: ДХО-2 | D15: 44202 | E15: 0.63888889 | F15: Фатахетдинов Амир | G15: 42650 | H15: =DATEDIF(G15,D15,"y") & " г. " & DATEDIF(G15,D15,"ym") & " мес. " & DATEDIF(G15,D15,"md") & " дн." -> 4 г. 2 мес. 30 дн. | I15: Доставлен СМП | J15: ДХО-2 | K15: Иваново ул. Герцена 7- 61 | L15: ЗЧМТ | M15: Травма сочетанная и изолированная | N15: 0 | O15: Периф. вен. катетер | P15: ДХО-2 | Q15: 44204
A16: =ROW(A15) -> 15 | B16: 12 | C16: ДХО-1 | D16: 44202 | E16: 0.90972222 | F16: Воронин Егор | G16: 43805 | H16: =DATEDIF(G16,D16,"y") & " г. " & DATEDIF(G16,D16,"ym") & " мес. " & DATEDIF(G16,D16,"md") & " дн." -> 1 г. 1 мес. 0 дн. | I16: Из других больниц | J16: ДХО-1 | K16: Кинешма ул. Кашмихинская 1- 65 | L16: Термический ожог. Площадь 20% | M16: Ожоговая травма | N16: 0 | O16: ЦВК | P16: ДХО-1 | Q16: 44205
A17: =ROW(A16) -> 16 | B17: 13 | C17: ДХО-2 | D17: 44202 | E17: 0.95833333 | F17: Куликов Кирилл | G17: 41748 | H17: =DATEDIF(G17,D17,"y") & " г. " & DATEDIF(G17,D17,"ym") & " мес. " & DATEDIF(G17,D17,"md") & " дн." -> 6 г. 8 мес. 18 дн. | I17: Из других больниц | J17: ДХО-2 | K17: Вичуга ул. Ленинградская 25- 9 | L17: ЖКК | M17: Болезни органов пищеварения | N17: 0 | O17: Периф. вен. катетер | P17: ДХО-2 | Q17: 44205
A18: =ROW(A17) -> 17 | B18: 11 | C18: ДХО-1 | D18: 44202 | E18: 0.89583333 | F18: Мольков Марк | G18: 41984 | H18: =DATEDIF(G18,D18,"y") & " г. " & DATEDIF(G18,D18,"ym") & " мес. " & DATEDIF(G18,D18,"md") & " дн." -> 6 г. 0 мес. 26 дн. | I18: Из операционной | J18: ДХО-1 | K18: Кохма ул. Машиностроителей д. 14 кв. 11 | L18: О. аппендицит | M18: Болезни органов пищеварения | N18: 0 | O18: Периф. вен. катетер | P18: ДХО-1 | Q18: 44203
A19: =ROW(A18) -> 18 | B19: 4 | C19: Пульмо | D19: 44204 | E19: 0.875 | F19: Польшакова Валерия | G19: 43705 | H19: =DATEDIF(G19,D19,"y") & " г. " & DATEDIF(G19,D19,"ym") & " мес. " & DATEDIF(G19,D19,"md") & " дн." -> 1 г. 4 мес. 11 дн. | I19: Из других больниц | J19: Пульмо | K19: Иваново ул. Велижская 12- 95 | L19: Пневмония внебольничная | M19: Болезни органов дыхания | N19: 0 | O19: ЦВК | P19: Пульмо | Q19: 44206
A20: =ROW(A19) -> 19 | B20: 18 | C20: ДХО-1 | D20: 44206 | E20: 0.083333333 | F20: Борисова Варвара | G20: 41653 | H20: =DATEDIF(G20,D20,"y") & " г. " & DATEDIF(G20,D20,"ym") & " мес. " & DATEDIF(G20,D20,"md") & " дн." -> 6 г. 11 мес. 27 дн. | I20: Из операционной | J20: ДХО-1 | K20: Иваново ул. Академическая 14- 87 | L20: О. аппендицит | M20: Болезни органов пищеварения | N20: 0 | O20: Периф. вен. катетер | P20: ДХО-1 | Q20: 44206
A21: =ROW(A20) -> 20 | B21: 20 | C21: ДХО-1 | D21: 44206 | E21: 0.32986111 | F21: Дудина Арина | G21: 39638 | H21: =DATEDIF(G21,D21,"y") & " г. " & DATEDIF(G21,D21,"ym") & " мес. " & DATEDIF(G21,D21,"md") & " дн." -> 12 г. 6 мес. 1 дн. | I21: Из операционной | J21: ДХО-1 | K21: Иваново ул. 14-е п/о д.254 кв2 | L21: О. аппендицит | M21: Болезни органов пищеварения | N21: 0 | O21: Периф. вен. катетер | P21: ДХО-1 | Q21: 44206
A22: =ROW(A21) -> 21 | B22: 6 | C22: Неврология | D22: 44208 | E22: 0.51388889 | F22: Мухаммедова Хадиджа | G22: 44169 | H22: =DATEDIF(G22,D22,"y") & " г. " & DATEDIF(G22,D22,"ym") & " мес. " & DATEDIF(G22,D22,"md") & " дн." -> 0 г. 1 мес. 8 дн. | I22: Из родильных домов | J22: Неврология | K22: Иваново пер. Пограничный д. 13 | L22: Церебральная ишемия 3 ст. Гидроцефалия | M22: Болезни нервной системы и органов чувств | N22: 27 дней | O22: Глуб. вен. линия | P22: Летальный исход | Q22: 44235 | R22: 0.51388889
A23: =ROW(A22) -> 22 | B23: 31 | C23: ДХО-1 | D23: 44212 | E23: 0.375 | F23: Крутов Богдан | G23: 38012 | H23: =DATEDIF(G23,D23,"y") & " г. " & DATEDIF(G23,D23,"ym") & " мес. " & DATEDIF(G23,D23,"md") & " дн." -> 16 г. 11 мес. 21 дн. | I23: Из профильных отделений | J23: ДХО-1 | K23: Иваново, Бакинский пр., 53,13 | L23: Анафилактическая реакция. | M23: Инфекционные и паразитарные болезни | N23: 0 | O23: Периф. вен. катетер | P23: ДХО-1 | Q23: 44213
A24: =ROW(A23) -> 23 | B24: 35 | C24: Пульмо | D24: 44214 | E24: 0.020833333 | F24: Иванов Сергей | G24: 43857 | H24: =DATEDIF(G24,D24,"y") & " г. " & DATEDIF(G24,D24,"ym") & " мес. " & DATEDIF(G24,D24,"md") & " дн." -> 0 г. 11 мес. 22 дн. | I24: Доставлен СМП | J24: Пульмо | K24: Заволжский р-он д. Емельяново д. 41 кв. 2 | L24: Обструктивный бронхит | M24: Болезни органов дыхания | N24: 0 | O24: Периф. вен. катетер | P24: Пульмо | Q24: 44214
A25: =ROW(A24) -> 24 | B25: 2 | C25: ДХО-2 | D25: 44214 | E25: 0.45833333 | F25: Угодин Тимофей Артёмович | G25: 44197 | H25: =DATEDIF(G25,D25,"y") & " г. " & DATEDIF(G25,D25,"ym") & " мес. " & DATEDIF(G25,D25,"md") & " дн." -> 0 г. 0 мес. 17 дн. | I25: Повторное поступление | J25: ОПНН | K25: г.Иваново, ул.4-я Деревенская, д.56, кв.4. | L25: Анемия. Анастомозит. | M25: Пороки и врождённые аномалии развития | N25: 200 часов | O25: ЦВК | P25: Другие больницы | Q25: 44230
A26: =ROW(A25) -> 25 | B26: 13 | C26: Педиатрия | D26: 44214 | E26: 0.71527778 | F26: Лебедева Мария Николаевна | G26: 38828 | H26: =DATEDIF(G26,D26,"y") & " г. " & DATEDIF(G26,D26,"ym") & " мес. " & DATEDIF(G26,D26,"md") & " дн." -> 14 г. 8 мес. 28 дн. | I26: Доставлен СМП | J26: Педиатрия | K26: г.Юрьевец, ул.Свободы, д.28, к.3. | L26: Сахарный диабет инсулинзависимый, впервые выявленный, с кетоацидозом | M26: Болезни эндокринной системы и нарушения обмена веществ | N26: 0 | O26: Периф. вен. катетер | P26: Другие больницы | Q26: 44215
A27: =ROW(A26) -> 26 | B27: 11 | C27: ДХО-1 | D27: 44215 | E27: 0.79166667 | F27: Мишина Елизавета | G27: 39266 | H27: =DATEDIF(G27,D27,"y") & " г. " & DATEDIF(G27,D27,"ym") & " мес. " & DATEDIF(G27,D27,"md") & " дн." -> 13 г. 6 мес. 16 дн. | I27: Из операционной | J27: ДХО-1 | K27: Фурманов ул. Плесская д. 31 | L27: Абсцесс передней брюшной стенки | M27: Болезни органов пищеварения | N27: 0 | O27: Периф. вен. катетер | P27: ДХО-1 | Q27: 44216
A28: =ROW(A27) -> 27 | B28: 19 | C28: ДХО-1 | D28: 44216 | E28: 0.6875 | F28: Мигунова Алена Олеговна | G28: 39582 | H28: =DATEDIF(G28,D28,"y") & " г. " & DATEDIF(G28,D28,"ym") & " мес. " & DATEDIF(G28,D28,"md") & " дн." -> 12 г. 8 мес. 6 дн. | I28: Из операционной | J28: ДХО-1 | K28: Иваново ул. Постышева д. 58 кв. 19 | L28: Киста правого яичника | M28: Болезни мочеполовой системы | N28: 0 | O28: Периф. вен. катетер | P28: ДХО-1 | Q28: 44217
A29: =ROW(A28) -> 28 | B29: 28 | C29: ДХО-1 | D29: 44217 | E29: 0.71527778 | F29: Тихомиров Алексей | G29: 38329 | H29: =DATEDIF(G29,D29,"y") & " г. " & DATEDIF(G29,D29,"ym") & " мес. " & DATEDIF(G29,D29,"md") & " дн." -> 16 г. 1 мес. 13 дн. | I29: Из операционной | J29: ДХО-1 | K29: Верхнеландовский р-он с. Мыт ул. Набережнаяд. 77 | L29: Полип прямой кишки с кровотечением | M29: Болезни органов пищеварения | N29: 0 | O29: Периф. вен. катетер | P29: ДХО-1 | Q29: 44218
A30: =ROW(A29) -> 29 | C30: ДОТО | D30: 44217 | E30: 0.96527778 | F30: Петрова Елизавета | H30: =DATEDIF(G30,D30,"y") & " г. " & DATEDIF(G30,D30,"ym") & " мес. " & DATEDIF(G30,D30,"md") & " дн." -> 121 г. 0 мес. 21 дн. | I30: Из операционной | J30: ДОТО | K30: Иваново ул. Диановых | L30: КОВИД | M30: Болезни костно-мышечного аппарата | N30: 0 | O30: Периф. вен. катетер | P30: Другие больницы | Q30: 44218
A31: =ROW(A30) -> 30 | B31: 25 | C31: ДХО-1 | D31: 44218 | E31: 0.065972222 | F31: Маковецкий Никита | G31: 39108 | H31: =DATEDIF(G31,D31,"y") & " г. " & DATEDIF(G31,D31,"ym") & " мес. " & DATEDIF(G31,D31,"md") & " дн." -> 13 г. 11 мес. 27 дн. | I31: Из операционной | J31: ДХО-1 | K31: п. Савино ул. 2-я Восточная д.36 | L31: ЖКК | M31: Болезни органов пищеварения | N31: 0 | O31: Периф. вен. катетер | P31: ДХО-1 | Q31: 44221
A32: =ROW(A31) -> 31 | B32: 23 | C32: Педиатрия | D32: 44220 | E32: 0.47222222 | F32: Муравьева София | G32: 39464 | H32: =DATEDIF(G32,D32,"y") & " г. " & DATEDIF(G32,D32,"ym") & " мес. " & DATEDIF(G32,D32,"md") & " дн." -> 13 г. 0 мес. 7 дн. | I32: Из других больниц | J32: Педиатрия | K32: Кохма ул. Кочетовой д. 34 кв. 58 | L32: Сахарный диабет с кетоацидозом | M32: Болезни эндокринной системы и нарушения обмена веществ | N32: 0 | O32: Периф. вен. катетер | P32: Другие больницы | Q32: 44221
A33: =ROW(A32) -> 32 | B33: 49 | C33: ДХО-2 | D33: 44221 | E33: 0.083333333 | H33: 0 г.3 мес. | I33: Доставлен СМП | J33: ДХО-2 | L33: ЗЧМТ. Сотрясение головного мозга. | M33: Травма сочетанная и изолированная | N33: 0 | O33: Периф. вен. катетер | P33: ДХО-2 | Q33: 44222
A34: =ROW(A33) -> 33 | B34: 50 | C34: ДХО-2 | D34: 44221 | E34: 0.090277778 | H34: 3 г. | I34: Доставлен СМП | J34: ДХО-2 | L34: ЗЧМТ. Сотрясение головного мозга. | M34: Травма сочетанная и изолированная | N34: 0 | O34: Периф. вен. катетер | P34: ДХО-2 | Q34: 44222
A35: =ROW(A34) -> 34 | B35: 31 | C35: ДХО-2 | D35: 44221 | E35: 0.55208333 | F35: Болбат Илья | G35: 40683 | H35: =DATEDIF(G35,D35,"y") & " г. " & DATEDIF(G35,D35,"ym") & " мес. " & DATEDIF(G35,D35,"md") & " дн." -> 9 г. 8 мес. 5 дн. | I35: Из операционной | J35: ДХО-2 | K35: Приволжск ул. Ленина дом 47 | L35: ЖКБ | M35: Болезни органов пищеварения | N35: 0 | O35: Периф. вен. катетер | P35: ДХО-2 | Q35: 44222
A36: =ROW(A35) -> 35 | B36: 31 | C36: Неврология | D36: 44222 | E36: 0.64583333 | F36: Волкова Дарья | G36: 43782 | H36: =DATEDIF(G36,D36,"y") & " г. " & DATEDIF(G36,D36,"ym") & " мес. " & DATEDIF(G36,D36,"md") & " дн." -> 1 г. 2 мес. 13 дн. | I36: Доставлен СМП | J36: Неврология | K36: Пучеж ул. Грибоедова д. 6 кв. 63 | L36: Эпистатус | M36: Болезни нервной системы и органов чувств | N36: 0 | O36: Периф. вен. катетер | P36: Неврология | Q36: 44223
A37: =ROW(A36) -> 36 | B37: 5 | C37: Неврология | D37: 44222 | E37: 0.75 | F37: Яковлев Ярослав | G37: 44120 | H37: =DATEDIF(G37,D37,"y") & " г. " & DATEDIF(G37,D37,"ym") & " мес. " & DATEDIF(G37,D37,"md") & " дн." -> 0 г. 3 мес. 10 дн. | I37: Из профильных отделений | J37: Неврология | K37: Кинешма ул. Менделеева д. 3а кв. 78 | L37: Последствия перинатального поражения ЦНС. | M37: Болезни нервной системы и органов чувств | N37: 0 | O37: Периф. вен. катетер | P37: Неврология | Q37: 44223
A38: =ROW(A37) -> 37 | B38: 65 | C38: ДХО-1 | D38: 44222 | E38: 0.88541667 | F38: Лазарев Максим | G38: 41438 | H38: =DATEDIF(G38,D38,"y") & " г. " & DATEDIF(G38,D38,"ym") & " мес. " & DATEDIF(G38,D38,"md") & " дн." -> 7 г. 7 мес. 13 дн. | I38: Из операционной | J38: ДХО-1 | K38: Иваново ул. Карьерная д. 58 кв. 29 | L38: О. аппендицит | M38: Болезни органов пищеварения | N38: 0 | O38: Периф. вен. катетер | P38: ДХО-1 | Q38: 44223
A39: =ROW(A38) -> 38 | B39: 31 | C39: Неврология | D39: 44224 | E39: 0.72916667 | F39: Волкова Дарья | G39: 43782 | H39: =DATEDIF(G39,D39,"y") & " г. " & DATEDIF(G39,D39,"ym") & " мес. " & DATEDIF(G39,D39,"md") & " дн." -> 1 г. 2 мес. 15 дн. | I39: Из профильных отделений | J39: Неврология | K39: Пучеж ул. Грибоедова д. 6 кв. 63 | L39: Эпилепсия | M39: Болезни нервной системы и органов чувств | N39: 120 часов | O39: Периф. вен. катетер | P39: Неврология | Q39: 44232
A40: =ROW(A39) -> 39 | B40: 82 | C40: ДХО-1 | D40: 44224 | E40: 0.90972222 | F40: Обрубова Владислава | G40: 40696 | H40: =DATEDIF(G40,D40,"y") & " г. " & DATEDIF(G40,D40,"ym") & " мес. " & DATEDIF(G40,D40,"md") & " дн." -> 9 г. 7 мес. 26 дн. | I40: Из операционной | J40: ДХО-1 | K40: Кохма ул 1905 года д. 17 | L40: О. аппендицит | M40: Болезни органов пищеварения | N40: 0 | O40: Периф. вен. катетер | P40: ДХО-1 | Q40: 44225
A41: =ROW(A40) -> 40 | B41: 37 | C41: Неврология | D41: 44227 | E41: 0.65277778 | F41: Разин Александр | G41: 42559 | H41: =DATEDIF(G41,D41,"y") & " г. " & DATEDIF(G41,D41,"ym") & " мес. " & DATEDIF(G41,D41,"md") & " дн." -> 4 г. 6 мес. 23 дн. | I41: Доставлен СМП | J41: Неврология | K41: Иваново пр-т Строителей д 114 кв. 16 | L41: Эпистатус | M41: Болезни нервной системы и органов чувств | N41: 0 | O41: Периф. вен. катетер | P41: Неврология | Q41: 44228
A42: =ROW(A41) -> 41 | B42: 31 | C42: Педиатрия | D42: 44227 | E42: 0.97916667 | F42: Еремеев Иван | G42: 43346 | H42: =DATEDIF(G42,D42,"y") & " г. " & DATEDIF(G42,D42,"ym") & " мес. " & DATEDIF(G42,D42,"md") & " дн." -> 2 г. 4 мес. 28 дн. | I42: Из других больниц | J42: Педиатрия | K42: Иваново ул. 1-ая Депутатская д. 38 | L42: Анемия. | M42: Болезни крови и кроветворных органов | N42: 0 | O42: Гемотрансфузии | P42: Педиатрия | Q42: 44228
A43: =ROW(A42) -> 42 | B43: 32 | C43: Педиатрия | D43: 44227 | E43: 0.99652778 | F43: Сафарова Алсу | G43: 43178 | H43: =DATEDIF(G43,D43,"y") & " г. " & DATEDIF(G43,D43,"ym") & " мес. " & DATEDIF(G43,D43,"md") & " дн." -> 2 г. 10 мес. 12 дн. | I43: Из операционной | J43: Педиатрия | K43: Лежнево ул. Ивановская д. 37 | L43: Фебрильные судороги | M43: Инфекционные и паразитарные болезни | N43: 0 | O43: Периф. вен. катетер | P43: Педиатрия | Q43: 44228
A44: =ROW(A43) -> 43 | B44: 93 | C44: ДХО-2 | D44: 44226 | E44: 0.78472222 | F44: Ильясова Варвара | G44: 38310 | H44: =DATEDIF(G44,D44,"y") & " г. " & DATEDIF(G44,D44,"ym") & " мес. " & DATEDIF(G44,D44,"md") & " дн." -> 16 г. 2 мес. 11 дн. | I44: Из профильных отделений | J44: ДХО-2 | K44: Иваново ул. 4-ая Березниковская д. 84 | L44: Язвенный колит | M44: Болезни органов пищеварения | N44: 0 | O44: Периф. вен. катетер | P44: ДХО-2 | Q44: 44229
A45: =ROW(A44) -> 44 | B45: 55 | C45: ОПНН | D45: 44227 | E45: 0.3125 | F45: Гаримова | G45: 44222 | H45: =DATEDIF(G45,D45,"y") & " г. " & DATEDIF(G45,D45,"ym") & " мес. " & DATEDIF(G45,D45,"md") & " дн." -> 0 г. 0 мес. 5 дн. | I45: Из профильных отделений | J45: ОПНН | K45: Вичугский р-он п. Каменка ул. 50 лет СССР д. 7 кв. 12 | L45: ВПС | M45: Пороки и врождённые аномалии развития | N45: 27 часов | O45: ЦВК | P45: Летальный исход | Q45: 44228 | R45: 0.48333333
A46: =ROW(A45) -> 45 | B46: 18 | C46: Неврология | D46: 44227 | E46: 0.75 | F46: Герасимова З.Е. | G46: 42414 | H46: =DATEDIF(G46,D46,"y") & " г. " & DATEDIF(G46,D46,"ym") & " мес. " & DATEDIF(G46,D46,"md") & " дн." -> 4 г. 11 мес. 17 дн. | I46: Из профильных отделений | J46: Неврология | K46: Иваново ул.Станкостроителей 44 | L46: Параксизмальные сос-е неястной этиологии | M46: Болезни нервной системы и органов чувств | N46: 0 | O46: Периф. вен. катетер | P46: Неврология | Q46: 44228 | R46: 0.45833333
A47: =ROW(A46) -> 46 | B47: 98 | C47: ДОТО | D47: 44228 | E47: 0.80208333 | F47: Чернова Анастасия | G47: 39176 | H47: =DATEDIF(G47,D47,"y") & " г. " & DATEDIF(G47,D47,"ym") & " мес. " & DATEDIF(G47,D47,"md") & " дн." -> 13 г. 9 мес. 28 дн. | I47: Доставлен СМП | J47: ДОТО | K47: Кохма | L47: Сочетанная травма | M47: Травма сочетанная и изолированная | N47: 0 | O47: Периф. вен. катетер | P47: ДОТО | Q47: 44229
A48: =ROW(A47) -> 47 | B48: 115 | C48: ДХО-2 | D48: 44228 | E48: 0.29166667 | F48: Абрамов Максим | G48: 43127 | H48: =DATEDIF(G48,D48,"y") & " г. " & DATEDIF(G48,D48,"ym") & " мес. " & DATEDIF(G48,D48,"md") & " дн." -> 3 г. 0 мес. 5 дн. | I48: Из профильных отделений | J48: ДХО-2 | K48: Приволжск | L48: Абсцесс передней брюшной стенки | M48: Болезни органов пищеварения | N48: 0 | O48: Периф. вен. катетер | P48: ДХО-2 | Q48: 44229
A49: =ROW(A48) -> 48 | B49: 37 | C49: Педиатрия | D49: 44229 | E49: 0.57291667 | F49: Богомазова Ксения | G49: 43813 | H49: =DATEDIF(G49,D49,"y") & " г. " & DATEDIF(G49,D49,"ym") & " мес. " & DATEDIF(G49,D49,"md") & " дн." -> 1 г. 1 мес. 19 дн. | I49: Доставлен СМП | J49: Педиатрия | K49: Иваново Бакинский проезд д. 59 кв. 39 | L49: Отравление крысиным ядом | M49: Отравления | N49: 0 | O49: Периф. вен. катетер | P49: Педиатрия | Q49: 44230
A50: =ROW(A49) -> 49 | B50: 105 | C50: ДХО-2 | D50: 44229 | E50: 0.65972222 | F50: Щаницын Иван | G50: 37951 | H50: =DATEDIF(G50,D50,"y") & " г. " & DATEDIF(G50,D50,"ym") & " мес. " & DATEDIF(G50,D50,"md") & " дн." -> 17 г. 2 мес. 7 дн. | I50: Из профильных отделений | J50: ДХО-2 | K50: Лухский р-н с. Порздни ул. Луговая д. 8 | L50: Последствия ЧМТ | M50: Травма сочетанная и изолированная | N50: 0 | O50: Периф. вен. катетер | P50: ДХО-2 | Q50: 44230
A51: =ROW(A50) -> 50 | B51: 117 | C51: ДХО-1 | D51: 44229 | E51: 0.89583333 | F51: Фокин Дмитрий Александрович | G51: 37961 | H51: =DATEDIF(G51,D51,"y") & " г. " & DATEDIF(G51,D51,"ym") & " мес. " & DATEDIF(G51,D51,"md") & " дн." -> 17 г. 1 мес. 27 дн. | I51: Из профильных отделений | J51: ДХО-1 | K51: Иваново ул.Сосневская 26 | L51: О. аппендицит | M51: Болезни органов пищеварения | N51: 0 | O51: Периф. вен. катетер | P51: ДХО-1 | Q51: 44230 | R51: 0.41666667
A52: =ROW(A51) -> 51 | B52: 27 | C52: Неврология | D52: 44229 | E52: 0.90277778 | F52: Смирнов Данила Дмитриевич | G52: 41360 | H52: =DATEDIF(G52,D52,"y") & " г. " & DATEDIF(G52,D52,"ym") & " мес. " & DATEDIF(G52,D52,"md") & " дн." -> 7 г. 10 мес. 6 дн. | I52: Из профильных отделений | J52: Неврология | K52: Тейковский район д.Елховка ул.Горьковская д.1 | L52: Параксизмальные состояния неясной этиологии | M52: Болезни нервной системы и органов чувств | N52: 0 | O52: Периф. вен. катетер | P52: Неврология | Q52: 44230 | R52: 0.4375
A53: =ROW(A52) -> 52 | B53: 39 | C53: Педиатрия | D53: 44230 | E53: 0.010416667 | F53: Рыбак Екатерина | G53: 39155 | H53: =DATEDIF(G53,D53,"y") & " г. " & DATEDIF(G53,D53,"ym") & " мес. " & DATEDIF(G53,D53,"md") & " дн." -> 13 г. 10 мес. 20 дн. | I53: Доставлен СМП | J53: Педиатрия | K53: Комсомольск ул. Комонова дом 28 | L53: СД. Кетоацидоз. | M53: Болезни эндокринной системы и нарушения обмена веществ | N53: 0 | O53: Периф. вен. катетер | P53: Другие больницы | Q53: 44232
A54: =ROW(A53) -> 53 | B54: 41 | C54: Неврология | D54: 44230 | E54: 0.58333333 | F54: Акулов Давид | G54: 43224 | H54: =DATEDIF(G54,D54,"y") & " г. " & DATEDIF(G54,D54,"ym") & " мес. " & DATEDIF(G54,D54,"md") & " дн." -> 2 г. 8 мес. 30 дн. | I54: Из профильных отделений | J54: Неврология | K54: Иваново, Лежневскя 21 | L54: Атактический синдром | M54: Болезни нервной системы и органов чувств | N54: 0 | O54: Периф. вен. катетер | P54: Неврология | Q54: 44231
A55: =ROW(A54) -> 54 | B55: 42 | C55: Неврология | D55: 44230 | E55: 0.60416667 | F55: Брагина Данна | G55: 39337 | H55: =DATEDIF(G55,D55,"y") & " г. " & DATEDIF(G55,D55,"ym") & " мес. " & DATEDIF(G55,D55,"md") & " дн." -> 13 г. 4 мес. 22 дн. | I55: Из профильных отделений | J55: Неврология | K55: Иваново, Авдотьинская 28 | L55: Сост. после удаления опухоли | M55: Болезни нервной системы и органов чувств | N55: 0 | O55: Периф. вен. катетер | P55: Неврология | Q55: 44231
A56: =ROW(A55) -> 55 | B56: 78 | C56: ДОТО | D56: 44230 | E56: 0.66666667 | F56: Молочкина Екатерина | G56: 38649 | H56: =DATEDIF(G56,D56,"y") & " г. " & DATEDIF(G56,D56,"ym") & " мес. " & DATEDIF(G56,D56,"md") & " дн." -> 15 г. 3 мес. 10 дн. | I56: Из операционной | J56: ДОТО | K56: ив. Обл. г. ианово. Мкр ТЭЦ3 д 7бббБ, кв 36 | L56: коррегиующаея остотомия левого бедра. | M56: Болезни костно-мышечного аппарата | N56: 0 | O56: ЭА/СМА | P56: ДОТО | Q56: 44232
A57: =ROW(A56) -> 56 | B57: 115 | C57: ДХО-1 | D57: 44231 | E57: 0.52777778 | F57: Абрамов Максим | G57: 43121 | H57: =DATEDIF(G57,D57,"y") & " г. " & DATEDIF(G57,D57,"ym") & " мес. " & DATEDIF(G57,D57,"md") & " дн." -> 3 г. 0 мес. 14 дн. | I57: Из профильных отделений | J57: ДХО-1 | K57: Приволжск | L57: Б-нь Гиршпрунга. Параректальный абсцесс | M57: Болезни органов пищеварения | N57: 0 | O57: ЦВК | P57: ДХО-1 | Q57: 44233
A58: =ROW(A57) -> 57 | B58: 43 | C58: Педиатрия | D58: 44231 | E58: 0.90277778 | F58: Ражук Анастасия Денисовна | G58: 38530 | H58: =DATEDIF(G58,D58,"y") & " г. " & DATEDIF(G58,D58,"ym") & " мес. " & DATEDIF(G58,D58,"md") & " дн." -> 15 г. 7 мес. 8 дн. | I58: Доставлен СМП | J58: Педиатрия | K58: Иваново, Кузнечная, 38-136 | L58: Острое суицидальное отравление таблетками | M58: Болезни органов пищеварения | N58: ИВЛ | O58: ЦВК | P58: Летальный исход | Q58: 44248 | R58: 0.027777778
A59: =ROW(A58) -> 58 | B59: 123 | C59: ДОТО | D59: 44232 | E59: 0.92708333 | F59: Мартощук Илья Александрович | G59: 38852 | H59: =DATEDIF(G59,D59,"y") & " г. " & DATEDIF(G59,D59,"ym") & " мес. " & DATEDIF(G59,D59,"md") & " дн." -> 14 г. 8 мес. 21 дн. | I59: Доставлен СМП | J59: ДОТО | K59: Ив. р-он д. Коляново ул. Школьная д. 34 | L59: Минно-взрывная травма | M59: Травма сочетанная и изолированная | N59: 0 | O59: ЦВК | P59: Другие больницы | Q59: 44233
A60: =ROW(A59) -> 59 | B60: 125 | C60: ДОТО | D60: 44233 | E60: 0.97569444 | F60: Мартощук Илья | G60: 38791 | H60: =DATEDIF(G60,D60,"y") & " г. " & DATEDIF(G60,D60,"ym") & " мес. " & DATEDIF(G60,D60,"md") & " дн." -> 14 г. 10 мес. 22 дн. | I60: Из других больниц | J60: ДОТО | K60: д. Коляново | L60: Минно-взрывная травма | M60: Травма сочетанная и изолированная | N60: 0 | O60: ЦВК | P60: ДОТО | Q60: 44235
A61: =ROW(A60) -> 60 | B61: 53 | C61: ДОТО | D61: 44234 | E61: 0.10763889 | F61: Палагутова Мира | G61: 43783 | H61: =DATEDIF(G61,D61,"y") & " г. " & DATEDIF(G61,D61,"ym") & " мес. " & DATEDIF(G61,D61,"md") & " дн." -> 1 г. 2 мес. 24 дн. | I61: Из других больниц | J61: Педиатрия | K61: Иваново п/о 14 д. 313 | L61: Гипогликемия. Судорожный с-м. Гликогеноз | M61: Болезни эндокринной системы и нарушения обмена веществ | N61: 40 минут | O61: Периф. вен. катетер | P61: Летальный исход | Q61: 44234 | R61: 0.13888889
A62: =ROW(A61) -> 61 | B62: 133 | C62: ДХО-2 | D62: 44235 | E62: 0.56944444 | F62: Леонов Артем Андреевич | G62: 39541 | H62: =DATEDIF(G62,D62,"y") & " г. " & DATEDIF(G62,D62,"ym") & " мес. " & DATEDIF(G62,D62,"md") & " дн." -> 12 г. 10 мес. 5 дн. | I62: Из операционной | J62: ДХО-2 | K62: Кохма | L62: Объемное образование средостения | M62: Новообразования | N62: 0 | O62: Периф. вен. катетер | P62: ДХО-2 | Q62: 44236
A63: =ROW(A62) -> 62 | B63: 153 | C63: ДХО-2 | D63: 44235 | E63: 0.034722222 | F63: Горелова Алина Андреевна | G63: 40348 | H63: =DATEDIF(G63,D63,"y") & " г. " & DATEDIF(G63,D63,"ym") & " мес. " & DATEDIF(G63,D63,"md") & " дн." -> 10 г. 7 мес. 20 дн. | I63: Из операционной | J63: ДХО-2 | K63: г. Вичуга, ул. Ульяновская 30-59 | L63: Спаечная кишечная непроходимость | M63: Болезни органов пищеварения | N63: 0 | O63: ЭА/СМА | P63: ДХО-2 | Q63: 44239
A64: =ROW(A63) -> 63 | B64: 143 | C64: Пульмо | D64: 44236 | E64: 0.15277778 | F64: Березин Максим Павлович | G64: 38159 | H64: =DATEDIF(G64,D64,"y") & " г. " & DATEDIF(G64,D64,"ym") & " мес. " & DATEDIF(G64,D64,"md") & " дн." -> 16 г. 7 мес. 19 дн. | I64: Из других больниц | J64: Пульмо | K64: г. Кинешма ул. Веснина 3 кв 1 | L64: Пневмония, орг. Поражение ЦНС. ПАЛЛИАТИВ. | M64: Болезни органов дыхания | N64: 0 | O64: ЦВК | P64: Педиатрия | Q64: 44237
A65: =ROW(A64) -> 64 | B65: 119 | C65: ДОТО | D65: 44236 | E65: 0.64583333 | F65: Левачева Арина Сергеевна | G65: 38601 | H65: =DATEDIF(G65,D65,"y") & " г. " & DATEDIF(G65,D65,"ym") & " мес. " & DATEDIF(G65,D65,"md") & " дн." -> 15 г. 5 мес. 3 дн. | I65: Из профильных отделений | J65: ДОТО | K65: Иваново Палехская 13 | L65: Нестабильность правого надколенника | M65: Болезни костно-мышечного аппарата | N65: 0 | O65: Периф. вен. катетер | P65: ДОТО | Q65: 44237
A66: =ROW(A65) -> 65 | B66: 130 | C66: Пульмо | D66: 44236 | E66: 0.75694444 | F66: Шишкин Егор Михайлович | G66: 44108 | H66: =DATEDIF(G66,D66,"y") & " г. " & DATEDIF(G66,D66,"ym") & " мес. " & DATEDIF(G66,D66,"md") & " дн." -> 0 г. 4 мес. 5 дн. | I66: Из профильных отделений | J66: Пульмо | K66: Комсомольский р-он с. Мытищи д. 34 | L66: Пневмония | M66: Болезни органов дыхания | N66: 0 | O66: Периф. вен. катетер | P66: Пульмо | Q66: 44237
A67: =ROW(A66) -> 66 | B67: 54 | C67: Неврология | D67: 44238 | E67: 0.52083333 | F67: Васин Максим Антонович | G67: 38019 | H67: =DATEDIF(G67,D67,"y") & " г. " & DATEDIF(G67,D67,"ym") & " мес. " & DATEDIF(G67,D67,"md") & " дн." -> 17 г. 0 мес. 9 дн. | I67: Из других больниц | J67: Неврология | K67: Иваново ул. Б Хмельницкого д. 76 кв. 3 | L67: Эпистатус | M67: Болезни нервной системы и органов чувств | N67: 0 | O67: ЦВК | P67: Другие больницы | Q67: 44242
A68: =ROW(A67) -> 67 | B68: 39 | C68: Неврология | D68: 44238 | E68: 0.75 | F68: Магомедов Абубакр | G68: 43635 | H68: =DATEDIF(G68,D68,"y") & " г. " & DATEDIF(G68,D68,"ym") & " мес. " & DATEDIF(G68,D68,"md") & " дн." -> 1 г. 7 мес. 23 дн. | I68: Из профильных отделений | J68: Неврология | K68: Иваново ул. Бубнова д. 72 кв. 10 | L68: ДЦП | M68: Болезни нервной системы и органов чувств | N68: 0 | O68: Периф. вен. катетер | P68: Неврология | Q68: 44239
A69: =ROW(A68) -> 68 | B69: 47 | C69: Неврология | D69: 44238 | E69: 0.75694444 | F69: Хохрина Маргарита | G69: 43998 | H69: =DATEDIF(G69,D69,"y") & " г. " & DATEDIF(G69,D69,"ym") & " мес. " & DATEDIF(G69,D69,"md") & " дн." -> 0 г. 7 мес. 26 дн. | I69: Из профильных отделений | J69: Неврология | K69: Иваново ул. Хлебникова д. 14 кв. 18 | L69: Эпилепсия неуточненная | M69: Болезни нервной системы и органов чувств | N69: 0 | O69: Периф. вен. катетер | P69: Неврология | Q69: 44239
A70: =ROW(A69) -> 69 | B70: 52 | C70: Неврология | D70: 44238 | E70: 0.76388889 | F70: Шудрин Иван Антонович | G70: 42815 | H70: =DATEDIF(G70,D70,"y") & " г. " & DATEDIF(G70,D70,"ym") & " мес. " & DATEDIF(G70,D70,"md") & " дн." -> 3 г. 10 мес. 21 дн. | I70: Из профильных отделений | J70: Неврология | K70: Шуя ул Пушкинская д. 16 | L70: Объемное образование головного мозга | M70: Болезни нервной системы и органов чувств | N70: 0 | O70: Периф. вен. катетер | P70: Неврология | Q70: 44239
A71: =ROW(A70) -> 70 | B71: 33 | C71: ДХО-2 | D71: 44239 | E71: 0.42708333 | F71: Касатов Федор Павлович | G71: 44174 | H71: =DATEDIF(G71,D71,"y") & " г. " & DATEDIF(G71,D71,"ym") & " мес. " & DATEDIF(G71,D71,"md") & " дн." -> 0 г. 2 мес. 3 дн. | I71: Из других больниц | J71: ДХО-2 | K71: Кохма | L71: Ретинопатия, БЛД | M71: Ретинопатии | N71: 0 | O71: Периф. вен. катетер | P71: ОПНН | Q71: 44243
A72: =ROW(A71) -> 71 | B72: 186 | C72: ДХО-1 | D72: 44240 | E72: 0.95138889 | F72: Надеждин Владислав | G72: 42979 | H72: =DATEDIF(G72,D72,"y") & " г. " & DATEDIF(G72,D72,"ym") & " мес. " & DATEDIF(G72,D72,"md") & " дн." -> 3 г. 5 мес. 12 дн. | I72: Доставлен СМП | J72: ДХО-2 | K72: Иваново ул. Суворова д. 38 кв. 28 | L72: Менингоэнцефалит. Язва 12 п. кишки | M72: Болезни органов пищеварения | N72: 0 | O72: ЦВК | P72: ДХО-1 | Q72: 44245
A73: =ROW(A72) -> 72 | B73: 74 | C73: Педиатрия | D73: 44241 | E73: 0.88888889 | F73: Кочетов Антон | G73: 43228 | H73: =DATEDIF(G73,D73,"y") & " г. " & DATEDIF(G73,D73,"ym") & " мес. " & DATEDIF(G73,D73,"md") & " дн." -> 2 г. 9 мес. 6 дн. | I73: Из других больниц | J73: Педиатрия | K73: Иваново ул. Новосельская д. 10 | L73: Энцефалитическая реакция. Токсический гепатит. | M73: Инфекционные и паразитарные болезни | N73: 0 | O73: Периф. вен. катетер | P73: Педиатрия | Q73: 44244
... A77: =ROW(A76) -> 76 | B77: 81 | C77: Педиатрия | D77: 44243 | E77: 0.66666667 | F77: Музонов роман | G77: 41297 | H77: =DATEDIF(G77,D77,"y") & " г. " & DATEDIF(G77,D77,"ym") & " мес. " & DATEDIF(G77,D77,"md") & " дн." -> 8 г. 0 мес. 24 дн. | I77: Из других больниц | J77: Педиатрия | K77: Родники ул. Ивановская дом 30 | L77: сахарный диабет | M77: Болезни эндокринной системы и нарушения обмена веществ | N77: 0 | O77: Периф. вен. катетер | P77: Педиатрия | Q77: 44245
A78: =ROW(A77) -> 77 | B78: 207 | C78: ДХО-1 | D78: 44242 | E78: 0.42361111 | F78: Умников Кирилл | G78: 44187 | H78: =DATEDIF(G78,D78,"y") & " г. " & DATEDIF(G78,D78,"ym") & " мес. " & DATEDIF(G78,D78,"md") & " дн." -> 0 г. 1 мес. 24 дн. | I78: Из других больниц | J78: ДХО-1 | K78: Кострома ул. Поселочная д. 36-20 | L78: Гидроцефалия. Постановка ВПШ. | M78: Болезни нервной системы и органов чувств | N78: ИВЛ | O78: Глуб. вен. линия | P78: Летальный исход | Q78: 44263 | R78: 0.66944444
A79: =ROW(A78) -> 78 | B79: 215 | C79: ДХО-1 | D79: 44244 | E79: 0.57638889 | F79: Мальцева Нина | G79: 43290 | H79: =DATEDIF(G79,D79,"y") & " г. " & DATEDIF(G79,D79,"ym") & " мес. " & DATEDIF(G79,D79,"md") & " дн." -> 2 г. 7 мес. 8 дн. | I79: Из других больниц | J79: ДХО-1 | K79: г. Пучеж, ул Производственная | L79: химический ожог | M79: Болезни органов пищеварения | N79: 0 | O79: Периф. вен. катетер | P79: ДХО-1 | Q79: 44245
A80: =ROW(A79) -> 79 | B80: 224 | C80: ДХО-1 | D80: 44245 | E80: 0.46875 | F80: Филиппов Егор | G80: 43747 | H80: =DATEDIF(G80,D80,"y") & " г. " & DATEDIF(G80,D80,"ym") & " мес. " & DATEDIF(G80,D80,"md") & " дн." -> 1 г. 4 мес. 9 дн. | I80: Доставлен СМП | J80: ДХО-1 | K80: Иваново ул. Свободы д. 9 кв. 6 | L80: Термический ожог. Площадь 30% | M80: Ожоговая травма | N80: 0 | O80: ЦВК | P80: ДХО-1 | Q80: 44269
A81: =ROW(A80) -> 80 | B81: 225 | C81: ДХО-1 | D81: 44245 | E81: 0.5 | F81: Лашманова Екатерина | G81: 43244 | H81: =DATEDIF(G81,D81,"y") & " г. " & DATEDIF(G81,D81,"ym") & " мес. " & DATEDIF(G81,D81,"md") & " дн." -> 2 г. 8 мес. 25 дн. | I81: Доставлен СМП | J81: ДХО-1 | K81: Савинский р-он. С. Воскресенское ул. Пионерская 14-1 | L81: Термический ожог. Площадь 30% | M81: Ожоговая травма | N81: 0 | O81: ЦВК | P81: ДХО-1 | Q81: 44257
A82: =ROW(A81) -> 81 | B82: 70 | C82: Неврология | D82: 44246 | E82: 0.16666667 | F82: Федотов Максим | G82: 43613 | H82: =DATEDIF(G82,D82,"y") & " г. " & DATEDIF(G82,D82,"ym") & " мес. " & DATEDIF(G82,D82,"md") & " дн." -> 1 г. 8 мес. 22 дн. | I82: Из других больниц | J82: Неврология | K82: Иваново 2-ая Нагорная д. 20 кв. 47 | L82: Дегенеративное заболевание нервной системы | M82: Болезни нервной системы и органов чувств | N82: ИВЛ | O82: ЦВК | P82: Летальный исход | Q82: 44249 | R82: 0.12152778
A83: =ROW(A82) -> 82 | C83: Нефро | D83: 44246 | E83: 0.39583333 | F83: Васильев | H83: =DATEDIF(G83,D83,"y") & " г. " & DATEDIF(G83,D83,"ym") & " мес. " & DATEDIF(G83,D83,"md") & " дн." -> 121 г. 1 мес. 19 дн. | I83: Из профильных отделений | J83: Нефро | K83: Иваново | L83: Атипичный ГУС | M83: Болезни крови и кроветворных органов | N83: 0 | O83: Периф. вен. катетер | P83: Нефро | Q83: 44246
A84: =ROW(A83) -> 83 | B84: 254 | C84: ДХО-1 | D84: 44248 | E84: 0.71736111 | F84: Сивяков Вячеслав | G84: 44248 | H84: =DATEDIF(G84,D84,"y") & " г. " & DATEDIF(G84,D84,"ym") & " мес. " & DATEDIF(G84,D84,"md") & " дн." -> 0 г. 0 мес. 0 дн. | I84: Доставлен СМП | J84: ДХО-1 | K84: Комсомольский р-он с. Песцово ул. Суворова 15-2 | L84: Термический ожог, ожоговый шок | M84: ожоговая травма | N84: 0 | O84: ЦВК | P84: Другие больницы | Q84: 44249
A85: =ROW(A84) -> 84 | B85: 92 | C85: Педиатрия | D85: 44250 | E85: 0.90625 | F85: Киселев Глеб | H85: 15 лет | I85: Доставлен СМП | J85: Педиатрия | K85: Тейково | L85: Отравление суррогатами алкоголя | M85: Отравления | N85: 0 | O85: Периф. вен. катетер | P85: Педиатрия | Q85: 44252
A86: =ROW(A85) -> 85 | B86: 95 | C86: Педиатрия | D86: 44251 | E86: 0.70138889 | F86: Соловьев Алексей Андреевич | G86: 44194 | H86: =DATEDIF(G86,D86,"y") & " г. " & DATEDIF(G86,D86,"ym") & " мес. " & DATEDIF(G86,D86,"md") & " дн." -> 0 г. 1 мес. 26 дн. | I86: Доставлен СМП | J86: Педиатрия | K86: Иваново, Кохомское шоссе, 10-14 | L86: Бронхиолит | M86: Болезни органов дыхания | N86: 0 | O86: Периф. вен. катетер | P86: Педиатрия | Q86: 44252
A87: =ROW(A86) -> 86 | B87: 96 | C87: Педиатрия | D87: 44251 | E87: 0.80208333 | F87: Спиридонов Артем | G87: 42562 | H87: =DATEDIF(G87,D87,"y") & " г. " & DATEDIF(G87,D87,"ym") & " мес. " & DATEDIF(G87,D87,"md") & " дн." -> 4 г. 7 мес. 13 дн. | I87: Доставлен СМП | J87: Педиатрия | K87: п. Савино ул. Малиновского д. 105 кв. 1 | L87: Сахарный диабет. Кетоацидоз. | M87: Болезни эндокринной системы и нарушения обмена веществ | N87: 0 | O87: Периф. вен. катетер | P87: Другие больницы | Q87: 44252
A88: =ROW(A87) -> 87 | C88: ДХО-1 | D88: 44253 | E88: 0.78125 | F88: Никитина Полина | H88: =DATEDIF(G88,D88,"y") & " г. " & DATEDIF(G88,D88,"ym") & " мес. " & DATEDIF(G88,D88,"md") & " дн." -> 121 г. 1 мес. 26 дн. | I88: Самотёком | J88: ДХО-1 | L88: Хронический панкреатит, обострение. | M88: Болезни органов пищеварения | N88: 0 | O88: Периф. вен. катетер | P88: ДХО-1 | Q88: 44255 | R88: 12.00
A89: =ROW(A88) -> 88 | B89: 304 | C89: ДХО-1 | D89: 44255 | E89: 0.92013889 | F89: Рыбакова Алёна Сергеевна | G89: 43593 | H89: =DATEDIF(G89,D89,"y") & " г. " & DATEDIF(G89,D89,"ym") & " мес. " & DATEDIF(G89,D89,"md") & " дн." -> 1 г. 9 мес. 20 дн. | I89: Из операционной | J89: ДХО-1 | K89: р-он Ильинский, д.Ширяево, ул.Северная, д.9 | L89: Острый аппендицит. Периаппендикулярный абсцесс. | M89: Болезни органов пищеварения | N89: 0 | O89: Периф. вен. катетер | P89: ДХО-1 | Q89: 44256
A90: =ROW(A89) -> 89 | B90: 104 | C90: Педиатрия | D90: 44253 | E90: 0.41666667 | F90: Катин Иван Алексеевич | G90: 38297 | H90: =DATEDIF(G90,D90,"y") & " г. " & DATEDIF(G90,D90,"ym") & " мес. " & DATEDIF(G90,D90,"md") & " дн." -> 16 г. 3 мес. 20 дн. | I90: Доставлен СМП | J90: Педиатрия | K90: Иваново пр. Шереметевский д. 82 кв. 13 | L90: Сахарный диабет. Кетоацидоз. | M90: Болезни эндокринной системы и нарушения обмена веществ | N90: 0 | O90: Периф. вен. катетер | P90: Другие больницы | Q90: 44256
A91: =ROW(A90) -> 90 | B91: 101 | C91: Педиатрия | D91: 44255 | E91: 0.027777778 | F91: Качалов Игорь Константинович | G91: 43832 | H91: =DATEDIF(G91,D91,"y") & " г. " & DATEDIF(G91,D91,"ym") & " мес. " & DATEDIF(G91,D91,"md") & " дн." -> 1 г. 1 мес. 26 дн. | I91: Из профильных отделений | J91: Педиатрия | K91: Иваново ул. Д. Бедного д. 43 | L91: Пневмония внебольничная. | M91: Болезни органов дыхания | N91: 0 | O91: Периф. вен. катетер | P91: Педиатрия | Q91: 44255
A92: =ROW(A91) -> 91 | B92: 77 | C92: Неврология | D92: 44256 | E92: 0.625 | F92: Кухалейшвили Полина Сергеевна | G92: 42940 | H92: =DATEDIF(G92,D92,"y") & " г. " & DATEDIF(G92,D92,"ym") & " мес. " & DATEDIF(G92,D92,"md") & " дн." -> 3 г. 7 мес. 5 дн. | I92: Из профильных отделений | J92: Неврология | K92: пос. Савино, 3 Восточная, д. 45 | L92: ПП ЦНС | M92: Болезни нервной системы и органов чувств | N92: 0 | O92: Периф. вен. катетер | P92: Неврология | Q92: 44257
A93: =ROW(A92) -> 92 | B93: 99 | C93: Педиатрия | D93: 44258 | E93: 0.4375 | F93: Румянцева Анна Ивановна | G93: 38901 | H93: =DATEDIF(G93,D93,"y") & " г. " & DATEDIF(G93,D93,"ym") & " мес. " & DATEDIF(G93,D93,"md") & " дн." -> 14 г. 8 мес. 0 дн. | I93: Из профильных отделений | J93: Педиатрия | K93: г.Шуя 11 мичунская корпус 4 | L93: Органическое поражение ЦНС | M93: Болезни нервной системы и органов чувств | N93: 0 | O93: Периф. вен. катетер | P93: Педиатрия | Q93: 44259
A94: =ROW(A93) -> 93 | B94: 326 | C94: ДХО-2 | D94: 44258 | E94: 0.47569444 | F94: Азарян Вардан Нарекович | G94: 42170 | H94: =DATEDIF(G94,D94,"y") & " г. " & DATEDIF(G94,D94,"ym") & " мес. " & DATEDIF(G94,D94,"md") & " дн." -> 5 г. 8 мес. 16 дн. | I94: Из профильных отделений | J94: ДХО-2 | K94: г.Иваново 4 Лагерная д 26 | L94: химический ожог пищевода | M94: Болезни органов пищеварения | N94: 0 | O94: Периф. вен. катетер | P94: ДХО-1 | Q94: 05.03.201
A95: =ROW(A94) -> 94 | B95: 111 | C95: Педиатрия | D95: 44258 | E95: 0.72222222 | F95: Корнилина Екатерина Александровна | G95: 38445 | H95: =DATEDIF(G95,D95,"y") & " г. " & DATEDIF(G95,D95,"ym") & " мес. " & DATEDIF(G95,D95,"md") & " дн." -> 15 г. 11 мес. 0 дн. | I95: Доставлен СМП | J95: Педиатрия | K95: Иваново, Кохомское ш., | L95: сахарный диабет, кетоацидоз | M95: Болезни эндокринной системы и нарушения обмена веществ | N95: 0 | O95: Периф. вен. катетер | P95: Педиатрия | Q95: 44259
A96: =ROW(A95) -> 95 | B96: 329 | C96: ДХО-2 | D96: 44258 | E96: 0.75 | F96: Колесов Платон | G96: 42009 | H96: =DATEDIF(G96,D96,"y") & " г. " & DATEDIF(G96,D96,"ym") & " мес. " & DATEDIF(G96,D96,"md") & " дн." -> 6 г. 1 мес. 26 дн. | I96: Из профильных отделений | J96: ДХО-2 | K96: Вичуга ул. 50 лет Октября д. 21 кв. 45 | L96: Состояние после удаления тератомы крестцово-копчиковой области. | M96: Новообразования | N96: 0 | O96: Периф. вен. катетер | P96: ДХО-2 | Q96: 44259
A97: =ROW(A96) -> 96 | B97: 225 | C97: ДХО-2 | D97: 44259 | E97: 0.45486111 | F97: Лашманова Катерина Артёмовна | G97: 43244 | H97: =DATEDIF(G97,D97,"y") & " г. " & DATEDIF(G97,D97,"ym") & " мес. " & DATEDIF(G97,D97,"md") & " дн." -> 2 г. 9 мес. 8 дн. | I97: Повторное поступление | J97: ДХО-2 | K97: Савинский р-он. С. Воскресенское ул. Пионерская 14-1 | L97: Термический ожог, S-30%, 1-2-3АБ степени, ожоговая болезнь, аутодермопластика от 01.03.2021. | M97: Ожоговая травма | N97: 0 | O97: ЦВК | P97: ДХО-2 | Q97: 44264
A98: =ROW(A97) -> 97 | B98: 305 | C98: ДХО-2 | D98: 44259 | E98: 0.75347222 | F98: Салимгереев Агай Юсупович | G98: 41473 | H98: =DATEDIF(G98,D98,"y") & " г. " & DATEDIF(G98,D98,"ym") & " мес. " & DATEDIF(G98,D98,"md") & " дн." -> 7 г. 7 мес. 14 дн. | I98: Из операционной | J98: ДХО-2 | K98: г.Приволжск, ул.Фулонова, д.1б, кв.10. | L98: Острый аппендицит. Открытая аппендэктомия от 28.02.2021. Периаппендикулярный абсцесс, ранняя послеоперационная спаечная непроходимость, релапаротомия, санация и дренирование брюшной полости от 04.03.2021. | M98: Болезни органов пищеварения | N98: 0 | O98: Периф. вен. катетер | P98: ДХО-2 | Q98: 44264
A99: 98 | B99: 347 | C99: ДХО-1 | D99: 44261 | E99: 0.51736111 | F99: Грехов Константин | G99: 43553 | I99: Доставлен СМП | J99: ДХО-1 | K99: Шуйский р-он д. Прилив ул. Школьная д. 17 | L99: Термический ожог головы, шеи S 12% | M99: Ожоговая травма | N99: 0 | O99: ЦВК | P99: ДХО-1 | Q99: 44269
A100: =ROW(A99) -> 99 | B100: 355 | C100: ДХО-1 | D100: 44262 | E100: 0.97916667 | F100: Курбатова Кристина | G100: 37838 | H100: =DATEDIF(G100,D100,"y") & " г. " & DATEDIF(G100,D100,"ym") & " мес. " & DATEDIF(G100,D100,"md") & " дн." -> 17 г. 7 мес. 2 дн. | I100: Доставлен СМП | J100: ДХО-1 | K100: Шуя ШКЦ | L100: Пиелонефрит. Гидроуретеронефроз. | M100: Болезни мочеполовой системы | N100: 0 | O100: Периф. вен. катетер | P100: Другие больницы | Q100: 44264
A101: =ROW(A100) -> 100 | B101: 366 | C101: ДХО-1 | D101: 44264 | E101: 0.44791667 | F101: Ильянков Андрей | G101: 43672 | H101: =DATEDIF(G101,D101,"y") & " г. " & DATEDIF(G101,D101,"ym") & " мес. " & DATEDIF(G101,D101,"md") & " дн." -> 1 г. 7 мес. 11 дн. | I101: Доставлен СМП | J101: ДХО-1 | K101: Заволжск ул. В. Дубинина д. 10 | L101: Термический ожог обеих ягодиц, нижних конечностей S 12-13 % | M101: Ожоговая травма | N101: 0 | O101: ЦВК | P101: ДХО-1 | Q101: 44267
A102: =ROW(A101) -> 101 | B102: 361 | C102: ДХО-1 | D102: 44264 | E102: 0.51041667 | F102: Столярова София | G102: 41796 | H102: =DATEDIF(G102,D102,"y") & " г. " & DATEDIF(G102,D102,"ym") & " мес. " & DATEDIF(G102,D102,"md") & " дн." -> 6 г. 9 мес. 3 дн. | I102: Из операционной | J102: ДХО-1 | K102: Комсомольский р-он с. Писцово ул. Зеленая д. 10 | L102: Перекрут правых придатков матки с некрозом. | M102: Флегмоны, абсцессы и другие повреждения мягких тканей | N102: 0 | O102: Периф. вен. катетер | P102: ДХО-1 | Q102: 44265
A103: =ROW(A102) -> 102 | B103: 368 | C103: ДХО-1 | D103: 44264 | E103: 0.51388889 | F103: Сокурова Полина | G103: 43811 | H103: =DATEDIF(G103,D103,"y") & " г. " & DATEDIF(G103,D103,"ym") & " мес. " & DATEDIF(G103,D103,"md") & " дн." -> 1 г. 2 мес. 25 дн. | I103: Доставлен СМП | J103: ДХО-1 | K103: Фурманов ул. Возрождения д. 30 кв. 16 | L103: Хим. Ожог ротоглотки, пищевода | M103: Отравления | N103: 0 | O103: Периф. вен. катетер | P103: ДХО-1 | Q103: 44265
...

Sheet Лист2
A1: Длительность | B1: Кол-во | C1: Возраст | D1: Кол-во2 | E1: Канал поступления | F1: Кол-во3 | G1: Куда переведён | H1: Кол-во4 | I1: ИВЛ детям в возрасте | J1: Кол-во5 | K1: ИВЛ по срокам | L1: Кол-во6 | M1: Манипуляции | N1: Кол-во7 | R1: Длительность, сут. | S1: Возраст в днях
A2: До 1 сут. | B2: =COUNTIF(R:R, ">=0")-COUNTIF(R:R, ">=1")-COUNTIF(Лист1!Q:Q, "=0") -> -33 | C2: До 7 дней | D2: =COUNTIF(S:S,">=0")-COUNTIF(S:S, ">=7")-COUNTIF(Лист1!Q:Q, "=0") -> -42 | E2: Доставлен СМП | F2: =COUNTIF(Лист1!I:I, "Доставлен СМП") -> 188 | G2: ДХО-1 | H2: =COUNTIF(Лист1!P:P, "ДХО-1") -> 142 | I2: До 7 дней | J2: =COUNTIFS(S2:S2502,"<7",Лист1!N2:N2507,">0") -> #VALUE! | K2: До 1 сут. | L2: =COUNTIFS(Лист1!N2:N2507,"<24")-COUNTIFS(Лист1!N2:N2507,"=0") -> 0 | M2: ЦВК | N2: =COUNTIF(Лист1!O:O,"=ЦВК")+COUNTIF(Лист1!O:O,"=ЦВК+ЛП")+COUNTIF(Лист1!O:O,"=ЦВК+Гемотрансфузии")+COUNTIF(Лист1!O:O,"=ЦВК+ГВЛ")+COUNTIF(Лист1!O:O,"=Экстракорпоральные методы")+COUNTIF(Лист1!O:O,"=ЭА/СМА+ЦВК") -> 111 | R2: =Таблица1[[#This Row],[Дата перевода]]-Таблица1[[#This Row],[Дата поступления]] -> 139 | S2: =Таблица1[[#This Row],[Дата поступления]]-Таблица1[[#This Row],[Дата рождения]] -> 3084 | U2: ЦВК
A3: 1-3 сут. | B3: =COUNTIF(R:R, ">=1")-COUNTIF(R:R, ">=3") -> 350 | C3: 7-29 дней | D3: =COUNTIF(S:S,">=7")-COUNTIF(S:S, ">=29") -> 13 | E3: Из операционной | F3: =COUNTIF(Лист1!I:I, "Из операционной") -> 87 | G3: ДХО-2 | H3: =COUNTIF(Лист1!P:P, "ДХО-2") -> 35 | I3: 7-29 дней | J3: =COUNTIFS(S2:S2502,"<29",Лист1!N2:N2507,">0")-COUNTIFS(S2:S2502,"<7",Лист1!N2:N2507,">0") -> #VALUE! | K3: 1-3 сут. | L3: =COUNTIFS(Лист1!N2:N2507,"<96")-COUNTIFS(Лист1!N2:N2507,"<24") -> 1 | M3: Глуб. вен. линия | N3: =COUNTIF(Лист1!O:O,"=Глуб. вен. линия")+COUNTIF(Лист1!O:O,"=ЦВК+ГВЛ")+COUNTIF(Лист1!O:O,"=ГВЛ+Гемотрансфузии") -> 10 | R3: =Таблица1[[#This Row],[Дата перевода]]-Таблица1[[#This Row],[Дата поступления]] -> 60 | S3: =Таблица1[[#This Row],[Дата поступления]]-Таблица1[[#This Row],[Дата рождения]] -> 1 | U3: Глуб. вен. линия
A4: 3-30 сут. | B4: =COUNTIF(R:R, ">=3")-COUNTIF(R:R, ">=30") -> 108 | C4: До 1 года | D4: =COUNTIF(S:S,">=29")-COUNTIF(S:S, ">=365") -> 77 | E4: Из профильных отделений | F4: =COUNTIF(Лист1!I:I,"Из профильных отделений") -> 168 | G4: ДОТО | H4: =COUNTIF(Лист1!P:P, "ДОТО") -> 48 | I4: До 1 года | J4: =COUNTIFS(S2:S2502,"<365",Лист1!N2:N2507,">0")-COUNTIFS(S2:S2502,"<29",Лист1!N2:N2507,">0") -> #VALUE! | K4: 3-7 сут. | L4: =COUNTIFS(Лист1!N2:N2507,"<168")-COUNTIFS(Лист1!N2:N2507,"<96") -> 0 | M4: Периф. вен. катетер | N4: =COUNTIF(Лист1!O:O,"=Периф. вен. катетер") -> 383 | R4: =Таблица1[[#This Row],[Дата перевода]]-Таблица1[[#This Row],[Дата поступления]] -> 67 | S4: =Таблица1[[#This Row],[Дата поступления]]-Таблица1[[#This Row],[Дата рождения]] -> 555 | U4: Периф. вен. катетер
A5: Свыше 30 сут. | B5: =COUNTIF(R:R, ">=30") -> 14 | C5: 1-3 года | D5: =COUNTIF(S:S,">=365")-COUNTIF(S:S, ">=1095") -> 93 | E5: Из других больниц | F5: =COUNTIF(Лист1!I:I,"Из других больниц") -> 72 | G5: Нефро | H5: =COUNTIF(Лист1!P:P, "Нефро") -> 14 | I5: 1-3 года | J5: =COUNTIFS(S2:S2502,"<1095",Лист1!N2:N2507,">0")-COUNTIFS(S2:S2502,"<365",Лист1!N2:N2507,">0") -> #VALUE! | K5: 7-20 сут. | L5: =COUNTIFS(Лист1!N2:N2507,"<480")-COUNTIFS(Лист1!N2:N2507,"<168") -> 0 | M5: Люмбальная пункция | N5: =COUNTIF(Лист1!O:O,"=Люмб. Пункция (ЛП)")+COUNTIF(Лист1!O:O,"=ЦВК+ЛП") -> 2 | R5: =Таблица1[[#This Row],[Дата перевода]]-Таблица1[[#This Row],[Дата поступления]] -> 4 | S5: =Таблица1[[#This Row],[Дата поступления]]-Таблица1[[#This Row],[Дата рождения]] -> 412 | U5: Люмб. Пункция (ЛП)
A6: Всего | B6: =SUM(B2:B5) -> 439 | C6: 3-7 лет | D6: =COUNTIF(S:S,">=1095")-COUNTIF(S:S, ">=2555") -> 113 | E6: Из родильных домов | F6: =COUNTIF(Лист1!I:I,"Из родильных домов") -> 7 | G6: ОПНН | H6: =COUNTIF(Лист1!P:P, "ОПНН") -> 13 | I6: 3-7 лет | J6: =COUNTIFS(S2:S2502,"<2555",Лист1!N2:N2507,">0")-COUNTIFS(S2:S2502,"<1095",Лист1!N2:N2507,">0") -> #VALUE! | K6: Более 20 сут. | L6: =COUNTIFS(Лист1!N2:N2507,">480") -> 0 | M6: Гемотрансфузия | N6: =COUNTIF(Лист1!O:O,"=Гемотрансфузии")+COUNTIF(Лист1!O:O,"=ЦВК+Гемотрансфузии")+COUNTIF(Лист1!O:O,"=ГВЛ+Гемотрансфузии") -> 7 | R6: =Таблица1[[#This Row],[Дата перевода]]-Таблица1[[#This Row],[Дата поступления]] -> 4 | S6: =Таблица1[[#This Row],[Дата поступления]]-Таблица1[[#This Row],[Дата рождения]] -> 4121 | U6: ЦВК+ЛП
C7: 7-15 лет | D7: =COUNTIF(S:S,">=2555")-COUNTIF(S:S, ">=5475") -> 149 | E7: Повторное поступление | F7: =COUNTIF(Лист1!I:I,"Повторное поступление") -> 8 | G7: Пульмо | H7: =COUNTIF(Лист1!P:P, "Пульмо") -> 21 | I7: 7-15 лет | J7: =COUNTIFS(S2:S2502,"<5475",Лист1!N2:N2507,">0")-COUNTIFS(S2:S2502,"<2555",Лист1!N2:N2507,">0") -> #VALUE! | K7: Новорожденным | L7: =COUNTIFS(S2:S2502,"<=28",Лист1!N2:N2507,">0") -> #VALUE! | M7: Экстракопоральные методы | N7: =COUNTIF(Лист1!O:O,"=Экстракорпоральные методы") -> 0 | R7: =Таблица1[[#This Row],[Дата перевода]]-Таблица1[[#This Row],[Дата поступления]] -> 4 | S7: =Таблица1[[#This Row],[Дата поступления]]-Таблица1[[#This Row],[Дата рождения]] -> 2134 | U7: ЦВК+ГВЛ
C8: 15-18 лет | D8: =COUNTIF(S:S,">=5475")-COUNTIF(S:S, ">=6575") -> 78 | E8: Самотёком | F8: =COUNTIF(Лист1!I:I,"Самотёком") -> 14 | G8: Педиатрия | H8: =COUNTIF(Лист1!P:P, "Педиатрия") -> 70 | I8: 15-18 лет | J8: =COUNTIFS(S2:S2502,"<6575",Лист1!N2:N2507,">0")-COUNTIFS(S2:S2502,"<5475",Лист1!N2:N2507,">0") -> #VALUE! | K8: Всего | L8: =SUM(L2:L6) -> 1 | M8: ЭА/СМА | N8: =COUNTIF(Лист1!O:O,"=ЭА/СМА")+COUNTIF(Лист1!O:O,"=ЭА/СМА+ЦВК") -> 12 | R8: =Таблица1[[#This Row],[Дата перевода]]-Таблица1[[#This Row],[Дата поступления]] -> 1 | S8: =Таблица1[[#This Row],[Дата поступления]]-Таблица1[[#This Row],[Дата рождения]] -> 181 | U8: Гемотрансфузии
C9: Всего | D9: =SUM(D2:D8) -> 481 | E9: Всего | F9: =SUM(F2:F8) -> 544 | G9: Неврология | H9: =COUNTIF(Лист1!P:P, "Неврология") -> 89 | I9: Всего | J9: =SUM(J2:J8) -> #VALUE! | R9: =Таблица1[[#This Row],[Дата перевода]]-Таблица1[[#This Row],[Дата поступления]] -> 1 | S9: =Таблица1[[#This Row],[Дата поступления]]-Таблица1[[#This Row],[Дата рождения]] -> 181 | U9: ЦВК+Гемотрансфузии
G10: Другие больницы | H10: =COUNTIF(Лист1!P:P, "Другие больницы") -> 43 | R10: =Таблица1[[#This Row],[Дата перевода]]-Таблица1[[#This Row],[Дата поступления]] -> 13 | S10: =Таблица1[[#This Row],[Дата поступления]]-Таблица1[[#This Row],[Дата рождения]] -> 0 | U10: ГВЛ+Гемотрансфузии
G11: Летальный исход | H11: =COUNTIF(Лист1!P:P, "Летальный исход") -> 21 | R11: =Таблица1[[#This Row],[Дата перевода]]-Таблица1[[#This Row],[Дата поступления]] -> 3 | S11: =Таблица1[[#This Row],[Дата поступления]]-Таблица1[[#This Row],[Дата рождения]] -> 824 | U11: Экстракорпоральные методы
G12: Прочее | H12: =COUNTIF(Лист1!P:P, "Прочее") -> 2 | R12: =Таблица1[[#This Row],[Дата перевода]]-Таблица1[[#This Row],[Дата поступления]] -> 4 | S12: =Таблица1[[#This Row],[Дата поступления]]-Таблица1[[#This Row],[Дата рождения]] -> 21 | U12: ЭА/СМА
G13: Всего | H13: =SUM(H2:H12) -> 498 | R13: =Таблица1[[#This Row],[Дата перевода]]-Таблица1[[#This Row],[Дата поступления]] -> 1 | S13: =Таблица1[[#This Row],[Дата поступления]]-Таблица1[[#This Row],[Дата рождения]] -> 123 | U13: ЭА/СМА+ЦВК
R14: =Таблица1[[#This Row],[Дата перевода]]-Таблица1[[#This Row],[Дата поступления]] -> 7 | S14: =Таблица1[[#This Row],[Дата поступления]]-Таблица1[[#This Row],[Дата рождения]] -> 3282
R15: =Таблица1[[#This Row],[Дата перевода]]-Таблица1[[#This Row],[Дата поступления]] -> 2 | S15: =Таблица1[[#This Row],[Дата поступления]]-Таблица1[[#This Row],[Дата рождения]] -> 1552
R16: =Таблица1[[#This Row],[Дата перевода]]-Таблица1[[#This Row],[Дата поступления]] -> 3 | S16: =Таблица1[[#This Row],[Дата поступления]]-Таблица1[[#This Row],[Дата рождения]] -> 397
R17: =Таблица1[[#This Row],[Дата перевода]]-Таблица1[[#This Row],[Дата поступления]] -> 3 | S17: =Таблица1[[#This Row],[Дата поступления]]-Таблица1[[#This Row],[Дата рождения]] -> 2454
R18: =Таблица1[[#This Row],[Дата перевода]]-Таблица1[[#This Row],[Дата поступления]] -> 1 | S18: =Таблица1[[#This Row],[Дата поступления]]-Таблица1[[#This Row],[Дата рождения]] -> 2218
R19: =Таблица1[[#This Row],[Дата перевода]]-Таблица1[[#This Row],[Дата поступления]] -> 2 | S19: =Таблица1[[#This Row],[Дата поступления]]-Таблица1[[#This Row],[Дата рождения]] -> 499
R20: =Таблица1[[#This Row],[Дата перевода]]-Таблица1[[#This Row],[Дата поступления]] -> 0 | S20: =Таблица1[[#This Row],[Дата поступления]]-Таблица1[[#This Row],[Дата рождения]] -> 2553
R21: =Таблица1[[#This Row],[Дата перевода]]-Таблица1[[#This Row],[Дата поступления]] -> 0 | S21: =Таблица1[[#This Row],[Дата поступления]]-Таблица1[[#This Row],[Дата рождения]] -> 4568
R22: =Таблица1[[#This Row],[Дата перевода]]-Таблица1[[#This Row],[Дата поступления]] -> 27 | S22: =Таблица1[[#This Row],[Дата поступления]]-Таблица1[[#This Row],[Дата рождения]] -> 39
R23: =Таблица1[[#This Row],[Дата перевода]]-Таблица1[[#This Row],[Дата поступления]] -> 1 | S23: =Таблица1[[#This Row],[Дата поступления]]-Таблица1[[#This Row],[Дата рождения]] -> 6200
R24: =Таблица1[[#This Row],[Дата перевода]]-Таблица1[[#This Row],[Дата поступления]] -> 0 | S24: =Таблица1[[#This Row],[Дата поступления]]-Таблица1[[#This Row],[Дата рождения]] -> 357
R25: =Таблица1[[#This Row],[Дата перевода]]-Таблица1[[#This Row],[Дата поступления]] -> 16 | S25: =Таблица1[[#This Row],[Дата поступления]]-Таблица1[[#This Row],[Дата рождения]] -> 17
... R2502: =Таблица1[[#This Row],[Дата перевода]]-Таблица1[[#This Row],[Дата поступления]] -> 0 | S2502: =Таблица1[[#This Row],[Дата поступления]]-Таблица1[[#This Row],[Дата рождения]] -> 0

Sheet Лист3
A1: Диагнозы | B1: Кол-во
A2: Инфекционные и паразитарные болезни | B2: =COUNTIF(Лист1!M:M,"=Инфекционные и паразитарные болезни") -> 6
A3: Новообразования | B3: =COUNTIF(Лист1!M:M,"=Новообразования") -> 8
A4: Болезни крови и кроветворных органов | B4: =COUNTIF(Лист1!M:M,"=Болезни крови и кроветворных органов") -> 14
A5: Болезни эндокринной системы и нарушения обмена веществ | B5: =COUNTIF(Лист1!M:M,"=Болезни эндокринной системы и нарушения обмена веществ") -> 26
A6: Психические расстройства | B6: =COUNTIF(Лист1!M:M,"=Психические расстройства") -> 1
A7: Ретинопатии | B7: =COUNTIF(Лист1!M:M,"=Ретинопатии") -> 1
A8: Болезни нервной системы и органов чувств | B8: =COUNTIF(Лист1!M:M,"=Болезни нервной системы и органов чувств") -> 116
A9: Болезни системы кровообращения | B9: =COUNTIF(Лист1!M:M,"=Болезни системы кровообращения") -> 9
A10: Болезни органов дыхания | B10: =COUNTIF(Лист1!M:M,"=Болезни органов дыхания") -> 44
A11: Болезни органов пищеварения | B11: =COUNTIF(Лист1!M:M,"=Болезни органов пищеварения") -> 111
A12: Болезни мочеполовой системы | B12: =COUNTIF(Лист1!M:M,"=Болезни мочеполовой системы") -> 22
A13: Болезни костно-мышечного аппарата | B13: =COUNTIF(Лист1!M:M,"=Болезни костно-мышечного аппарата") -> 44
A14: Травма сочетанная и изолированная | B14: =COUNTIF(Лист1!M:M,"=Травма сочетанная и изолированная") -> 46
A15: Флегмоны, абсцессы и другие повреждения мягких тканей | B15: =COUNTIF(Лист1!M:M,"=Флегмоны, абсцессы и другие повреждения мягких тканей") -> 2
A16: Ожоговая травма | B16: =COUNTIF(Лист1!M:M,"=Ожоговая травма") -> 44
A17: Отравления | B17: =COUNTIF(Лист1!M:M,"=Отравления") -> 39
A18: Пороки и врождённые аномалии развития | B18: =COUNTIF(Лист1!M:M,"=Пороки и врождённые аномалии развития") -> 10
A19: Болезни неонатального возраста | B19: =COUNTIF(Лист2!S:S,"<=28")-COUNTIF(Лист2!S:S,"=0") -> 21
A20: Болезни в возрасте до 5 лет | B20: =COUNTIF(Лист2!S:S,"<1825")-COUNTIF(Лист2!S:S,"<=28") -> 236
A21: Болезни в возрасте 5-12 лет | B21: =COUNTIF(Лист2!S:S,"<4380")-COUNTIF(Лист2!S:S,"<1825") -> 136
A22: Болезни в возрасте 12-18 лет | B22: =COUNTIF(Лист2!S:S,"<=6575")-COUNTIF(Лист2!S:S,"<4380") -> 138
A23: Итого | B23: =SUM(B2:B18) -> 543
