Workbook
Name в: [1]Лист2!$G$2:$G$9
Name Доставлен_СМП: Лист2!$F$16:$F$23
Name Из_других_больниц: Лист2!$J$16:$J$23
Name Из_операционной: Лист2!$G$16:$G$23
Name Из_профильных_отделений: Лист2!$I$16:$I$23
Name Из_родильных_домов: Лист2!$L$16:$L$23
Name Канал_поступления: Лист2!$E$2:$E$8
Name Категории_диагнозов: Лист3!$A$2:$A$18
Name Куда_переведён: Лист2!$G$2:$G$12
Name Манипуляции: Лист2!$Y$2:$Y$13
Name Отделения: Лист2!$G$2:$G$9
Name Повторное_поступление: Лист2!$K$16:$K$23
Name Самотёком: Лист2!$M$16:$M$23
Name Трансфузии: Лист2!$Q$2:$Q$8

Sheet Лист1
A1: Столбец1 | B1: № и/б | C1: Отделение | D1: Дата поступления | E1: Время поступления | F1: Фамилия, имя, отчество | G1: Дата рождения | H1: Возраст | I1: Канал поступления | J1: Профиль отделения | K1: Адрес регистраци | L1: Диагноз при поступлении в ОРИТ | M1: Категория диагноза | N1: Длительность ИВЛ | O1: Сосудистый доступ | P1: Регионарная анестезия | Q1: Трансфузии | R1: ЭКД | S1: Куда переведён | T1: Дата перевода | U1: Время перевода | V1: койко-дни | W1: Примечания | X1: Лечащий врач
A2: =ROW(A1) -> 1 | B2: 1379 | C2: Пульмо | D2: 45630 | E2: 0.19166667 | F2: Стецик Денис Николаевич | G2: 39803 | H2: =DATEDIF(G2,D2,"y") & " г. " & DATEDIF(G2,D2,"ym") & " мес. " & DATEDIF(G2,D2,"md") & " дн." -> 15 г. 11 мес. 13 дн. | I2: Повторное_поступление | J2: Пульмо | K2: г. Иваново | L2: Пневмония правосторонняя субтотальная. Пневмогидроторакс. Нейрофиброматоз. | M2: Болезни органов дыхания | N2: 1019 | O2: Периф. вен. кат. | Q2: Эр. масса | S2: Прочее | T2: 45673 | U2: 0.48611111 | V2: =DATEDIF(D2,T2,"y") & " г. " & DATEDIF(D2,T2,"ym") & " мес. " & DATEDIF(D2,T2,"md") & " дн." -> 0 г. 1 мес. 12 дн.
A3: =ROW(A2) -> 2 | B3: 728 | C3: Неврология | D3: 45647 | E3: 0.77083333 | F3: Угарова Мария Александровна | G3: 39519 | H3: =DATEDIF(G3,D3,"y") & " г. " & DATEDIF(G3,D3,"ym") & " мес. " & DATEDIF(G3,D3,"md") & " дн." -> 16 г. 9 мес. 9 дн. | I3: Из_других_больниц | K3: г. Кинешма, ул. Кутузова, 38 | L3: Опухоль хиазмально-селлярной области, оперированная. Полигландулярная недостаточность. | M3: Новообразования | O3: Периф. вен. кат. | S3: Пульмо | T3: 45681 | U3: 0.99652778 | V3: =DATEDIF(D3,T3,"y") & " г. " & DATEDIF(D3,T3,"ym") & " мес. " & DATEDIF(D3,T3,"md") & " дн." -> 0 г. 1 мес. 3 дн.
A4: =ROW(A3) -> 3 | B4: 1468 | C4: Пульмо | D4: 45652 | E4: 0.54166667 | F4: Колёскин Артём Дмитриевич | G4: 42529 | H4: =DATEDIF(G4,D4,"y") & " г. " & DATEDIF(G4,D4,"ym") & " мес. " & DATEDIF(G4,D4,"md") & " дн." -> 8 г. 6 мес. 18 дн. | I4: Доставлен_СМП | K4: г. Вичуга, ул. Циолковского, 23 | L4: Пневмония внебольничная, двусторонняя. ДН 1-2 ст. | M4: Болезни органов дыхания | N4: 357 | O4: ЦВК | S4: Прочее | T4: 45667 | U4: 0.41180556 | V4: =DATEDIF(D4,T4,"y") & " г. " & DATEDIF(D4,T4,"ym") & " мес. " & DATEDIF(D4,T4,"md") & " дн." -> 0 г. 0 мес. 15 дн.
A5: =ROW(A4) -> 4 | B5: 1475 | C5: Пульмо | D5: 45656 | E5: 0.65972222 | F5: Веретенникова Елизавета Романовна | G5: 42834 | H5: =DATEDIF(G5,D5,"y") & " г. " & DATEDIF(G5,D5,"ym") & " мес. " & DATEDIF(G5,D5,"md") & " дн." -> 7 г. 8 мес. 21 дн. | I5: Доставлен_СМП | K5: г. Иваново, ул. 3-я Южная, 4а, 32 | L5: Пневмония правосторонняя, аспирационная, тяжёлая. ДН 3 ст. ДЦП. Снижение минеральной плотности костной ткани. | M5: Болезни органов дыхания | O5: Периф. вен. кат. | S5: Прочее | T5: 45678 | U5: 0.45833333 | V5: =DATEDIF(D5,T5,"y") & " г. " & DATEDIF(D5,T5,"ym") & " мес. " & DATEDIF(D5,T5,"md") & " дн." -> 0 г. 0 мес. 22 дн.
A6: =ROW(A5) -> 5 | B6: 6 | C6: Педиатрия | D6: 45658 | E6: 0.24305556 | F6: Малин Сергей Александрович | G6: 39308 | H6: =DATEDIF(G6,D6,"y") & " г. " & DATEDIF(G6,D6,"ym") & " мес. " & DATEDIF(G6,D6,"md") & " дн." -> 17 г. 4 мес. 18 дн. | I6: Доставлен_СМП | K6: г. Иваново, 2й Спортивный пер., 4, 5 | L6: Отравление суррогатами алкоголя тяж. ст. Кома 1. | M6: Отравления | N6: 5 | O6: Периф. вен. кат. | S6: Педиатрия | T6: 45659 | U6: 0.5 | V6: =DATEDIF(D6,T6,"y") & " г. " & DATEDIF(D6,T6,"ym") & " мес. " & DATEDIF(D6,T6,"md") & " дн." -> 0 г. 0 мес. 1 дн.
A7: =ROW(A6) -> 6 | B7: 7 | C7: Педиатрия | D7: 45659 | E7: 0.82847222 | F7: Головина Анастасия Владимировна | G7: 40596 | H7: =DATEDIF(G7,D7,"y") & " г. " & DATEDIF(G7,D7,"ym") & " мес. " & DATEDIF(G7,D7,"md") & " дн." -> 13 г. 10 мес. 11 дн. | I7: Доставлен_СМП | K7: г. Кохма, мкрн Просторный, пр. Героев, 19, 14 | L7: Отравление суррогатами алкоголя. | M7: Отравления | O7: Периф. вен. кат. | S7: Педиатрия | T7: 45661 | U7: 0.5 | V7: =DATEDIF(D7,T7,"y") & " г. " & DATEDIF(D7,T7,"ym") & " мес. " & DATEDIF(D7,T7,"md") & " дн." -> 0 г. 0 мес. 2 дн.
A8: =ROW(A7) -> 7 | B8: 1 | C8: Пульмо | D8: 45660 | E8: 0.875 | F8: Балуков Даниил Павлович | G8: 42113 | H8: =DATEDIF(G8,D8,"y") & " г. " & DATEDIF(G8,D8,"ym") & " мес. " & DATEDIF(G8,D8,"md") & " дн." -> 9 г. 8 мес. 15 дн. | I8: Доставлен_СМП | K8: г. Родники, ул. Рябикова, 5а | L8: Астматический статус | M8: Болезни органов дыхания | O8: Периф. вен. кат. | S8: Пульмо | T8: 45663 | U8: 0.4375 | V8: =DATEDIF(D8,T8,"y") & " г. " & DATEDIF(D8,T8,"ym") & " мес. " & DATEDIF(D8,T8,"md") & " дн." -> 0 г. 0 мес. 3 дн.
A9: =ROW(A8) -> 8 | B9: 9 | C9: Педиатрия | D9: 45662 | E9: 0.94097222 | F9: Татарунис Ирина Денисовна | G9: 39206 | H9: =DATEDIF(G9,D9,"y") & " г. " & DATEDIF(G9,D9,"ym") & " мес. " & DATEDIF(G9,D9,"md") & " дн." -> 17 г. 8 мес. 1 дн. | I9: Доставлен_СМП | K9: г. Кострома, ул. Коминтерна, 33 | L9: Отравление острое бытовое случайное алкогольное | M9: Отравления | O9: Периф. вен. кат. | S9: Педиатрия | T9: 45663 | U9: 0.41666667 | V9: =DATEDIF(D9,T9,"y") & " г. " & DATEDIF(D9,T9,"ym") & " мес. " & DATEDIF(D9,T9,"md") & " дн." -> 0 г. 0 мес. 1 дн.
A10: =ROW(A9) -> 9 | B10: 2979 | C10: ДХО | D10: 45298 | E10: 0.47916667 | F10: Нечаева Анастасия Дмитриевна | G10: 44796 | H10: =DATEDIF(G10,D10,"y") & " г. " & DATEDIF(G10,D10,"ym") & " мес. " & DATEDIF(G10,D10,"md") & " дн." -> 1 г. 4 мес. 15 дн. | I10: Из_операционной | K10: г. Вичуга | L10: Термический ожог, S-16% | M10: Ожоговая травма | O10: Периф. вен. кат. | S10: ДХО | T10: 45665 | U10: 0.55555556 | V10: =DATEDIF(D10,T10,"y") & " г. " & DATEDIF(D10,T10,"ym") & " мес. " & DATEDIF(D10,T10,"md") & " дн." -> 1 г. 0 мес. 1 дн.
A11: =ROW(A10) -> 10 | B11: 11 | C11: Педиатрия | D11: 45299 | E11: 0.17708333 | F11: Кузнецов Иван Александрович | G11: 39861 | H11: =DATEDIF(G11,D11,"y") & " г. " & DATEDIF(G11,D11,"ym") & " мес. " & DATEDIF(G11,D11,"md") & " дн." -> 14 г. 10 мес. 22 дн. | I11: Доставлен_СМП | K11: с. Утохна, Лежневский районе | L11: Отравление анальгином | M11: Отравления | O11: Периф. вен. кат. | S11: Педиатрия | T11: 45665 | U11: 0.45833333 | V11: =DATEDIF(D11,T11,"y") & " г. " & DATEDIF(D11,T11,"ym") & " мес. " & DATEDIF(D11,T11,"md") & " дн." -> 1 г. 0 мес. 0 дн.
A12: =ROW(A11) -> 11 | B12: 3 | C12: Педиатрия | D12: 45666 | E12: 0.875 | F12: Кобликов Артем Денисович | G12: 45024 | H12: =DATEDIF(G12,D12,"y") & " г. " & DATEDIF(G12,D12,"ym") & " мес. " & DATEDIF(G12,D12,"md") & " дн." -> 1 г. 9 мес. 1 дн. | I12: Из_профильных_отделений | J12: Педиатрия | K12: Иваново, Любимова | L12: ОПЦНС | M12: Болезни нервной системы и органов чувств | O12: ЦВК | S12: Педиатрия | T12: 45669 | U12: 0.625 | V12: =DATEDIF(D12,T12,"y") & " г. " & DATEDIF(D12,T12,"ym") & " мес. " & DATEDIF(D12,T12,"md") & " дн." -> 0 г. 0 мес. 3 дн.
A13: =ROW(A12) -> 12 | B13: 13 | C13: Неврология | D13: 45667 | E13: 0.4375 | F13: Сытов Иван Сергеевич | G13: 39876 | H13: =DATEDIF(G13,D13,"y") & " г. " & DATEDIF(G13,D13,"ym") & " мес. " & DATEDIF(G13,D13,"md") & " дн." -> 15 г. 10 мес. 6 дн. | I13: Из_других_больниц | J13: Неврология | K13: Иваново, Шубиных | L13: Оптикомиелит Девика | M13: Болезни нервной системы и органов чувств | O13: Периф. вен. кат. | S13: Неврология | T13: 45668 | U13: 0.58333333 | V13: =DATEDIF(D13,T13,"y") & " г. " & DATEDIF(D13,T13,"ym") & " мес. " & DATEDIF(D13,T13,"md") & " дн." -> 0 г. 0 мес. 1 дн.
A14: =ROW(A13) -> 13 | B14: 16 | C14: Неврология | D14: 45667 | E14: 0.59375 | F14: Куварзина Мария Аркадьевна | G14: 42087 | H14: =DATEDIF(G14,D14,"y") & " г. " & DATEDIF(G14,D14,"ym") & " мес. " & DATEDIF(G14,D14,"md") & " дн." -> 9 г. 9 мес. 17 дн. | I14: Из_других_больниц | K14: Иваново Лебедева Кумача 10-1 | L14: постгипоксический синдром | M14: Болезни нервной системы и органов чувств | N14: 192 | O14: ЦВК | S14: Неврология | T14: 45681 | U14: 0.44444444 | V14: =DATEDIF(D14,T14,"y") & " г. " & DATEDIF(D14,T14,"ym") & " мес. " & DATEDIF(D14,T14,"md") & " дн." -> 0 г. 0 мес. 14 дн.
A15: =ROW(A14) -> 14 | B15: 17 | C15: Неврология | D15: 45667 | E15: 0.85416667 | F15: Чалабаева Анастасия Сабухиева | G15: 41623 | H15: =DATEDIF(G15,D15,"y") & " г. " & DATEDIF(G15,D15,"ym") & " мес. " & DATEDIF(G15,D15,"md") & " дн." -> 11 г. 0 мес. 26 дн. | I15: Доставлен_СМП | K15: Вичуга Ь.Хмельницкого 43А-31 | L15: Энцефалит неуточнённый. | M15: Болезни нервной системы и органов чувств | N15: 192 | O15: Периф. вен. кат. | S15: Другие больницы | T15: 45668 | U15: 0.45833333 | V15: =DATEDIF(D15,T15,"y") & " г. " & DATEDIF(D15,T15,"ym") & " мес. " & DATEDIF(D15,T15,"md") & " дн." -> 0 г. 0 мес. 1 дн.
A16: =ROW(A15) -> 15 | B16: 35 | C16: ДХО | D16: 45667 | E16: 0.79166667 | F16: Носкова Валерия Дмитриевна | G16: 45624 | H16: =DATEDIF(G16,D16,"y") & " г. " & DATEDIF(G16,D16,"ym") & " мес. " & DATEDIF(G16,D16,"md") & " дн." -> 0 г. 1 мес. 13 дн. | I16: Из_профильных_отделений | J16: ДХО | K16: Кинешма Щорса 1-19 | L16: пилоростеноз | M16: Болезни органов пищеварения | O16: Периф. вен. кат. | S16: ДХО | T16: 45670 | U16: 0.45833333 | V16: =DATEDIF(D16,T16,"y") & " г. " & DATEDIF(D16,T16,"ym") & " мес. " & DATEDIF(D16,T16,"md") & " дн." -> 0 г. 0 мес. 3 дн.
A17: =ROW(A16) -> 16 | B17: 14 | C17: Педиатрия | D17: 45667 | E17: 0.88888889 | F17: Иванкова Анна Сергеевна | G17: 40318 | H17: =DATEDIF(G17,D17,"y") & " г. " & DATEDIF(G17,D17,"ym") & " мес. " & DATEDIF(G17,D17,"md") & " дн." -> 14 г. 7 мес. 21 дн. | I17: Доставлен_СМП | K17: Иваново Лежневская | L17: Отравление неизвестным веществом | M17: Отравления | O17: Периф. вен. кат. | S17: Педиатрия | T17: 45668 | U17: 0.5 | V17: =DATEDIF(D17,T17,"y") & " г. " & DATEDIF(D17,T17,"ym") & " мес. " & DATEDIF(D17,T17,"md") & " дн." -> 0 г. 0 мес. 1 дн.
A18: =ROW(A17) -> 17 | B18: 17 | C18: Нефро | D18: 45672 | E18: 0.64236111 | F18: Чурикова Карина Александровна | G18: 39658 | H18: =DATEDIF(G18,D18,"y") & " г. " & DATEDIF(G18,D18,"ym") & " мес. " & DATEDIF(G18,D18,"md") & " дн." -> 16 г. 5 мес. 17 дн. | I18: Из_профильных_отделений | J18: Нефро | K18: г. Кохма, ул. Кочетовой, 32, 76 | L18: Пиелонефрит трансплантированной почки. Активная фаза. ХБП 5 ст. | M18: Болезни мочеполовой системы | O18: Периф. вен. кат. | S18: Другие больницы | T18: 45675 | U18: 0.375 | V18: =DATEDIF(D18,T18,"y") & " г. " & DATEDIF(D18,T18,"ym") & " мес. " & DATEDIF(D18,T18,"md") & " дн." -> 0 г. 0 мес. 3 дн.
A19: =ROW(A18) -> 18 | B19: 46 | C19: ДОТО | D19: 45672 | E19: 0.5 | F19: Мягкова Арина Алексеевна | G19: 39531 | H19: =DATEDIF(G19,D19,"y") & " г. " & DATEDIF(G19,D19,"ym") & " мес. " & DATEDIF(G19,D19,"md") & " дн." -> 16 г. 9 мес. 22 дн. | I19: Из_операционной | J19: ДОТО | K19: г. Иваново, ул. Красногвардейская, 73 | L19: реконструкция кости | M19: Болезни костно-мышечного аппарата | O19: Периф. вен. кат. | P19: Эпидур. анест. | S19: ДОТО | T19: 45673 | U19: 0.4375 | V19: =DATEDIF(D19,T19,"y") & " г. " & DATEDIF(D19,T19,"ym") & " мес. " & DATEDIF(D19,T19,"md") & " дн." -> 0 г. 0 мес. 1 дн.
A20: =ROW(A19) -> 19 | B20: 17 | C20: Педиатрия | D20: 45670 | E20: 0.65694444 | F20: Горобец Александр Валерьевич | G20: 40736 | H20: =DATEDIF(G20,D20,"y") & " г. " & DATEDIF(G20,D20,"ym") & " мес. " & DATEDIF(G20,D20,"md") & " дн." -> 13 г. 6 мес. 1 дн. | I20: Доставлен_СМП | K20: г. Иваново, ул. М. Рябининой, 32, 19 | L20: Пароксизмальная наджелудочковая тахикардия | M20: Болезни системы кровообращения | O20: Периф. вен. кат. | S20: Педиатрия | T20: 45671 | U20: 0.37777778 | V20: =DATEDIF(D20,T20,"y") & " г. " & DATEDIF(D20,T20,"ym") & " мес. " & DATEDIF(D20,T20,"md") & " дн." -> 0 г. 0 мес. 1 дн.
A21: =ROW(A20) -> 20 | B21: 101 | C21: ДХО | D21: 45674 | E21: 0.92708333 | F21: Корсак Максим Васильевич | G21: 39806 | H21: =DATEDIF(G21,D21,"y") & " г. " & DATEDIF(G21,D21,"ym") & " мес. " & DATEDIF(G21,D21,"md") & " дн." -> 16 г. 0 мес. 24 дн. | I21: Доставлен_СМП | K21: Тейково | L21: ЖКК из луковицы 12 перстной кишки | M21: Болезни органов пищеварения | O21: Периф. вен. кат. | Q21: Эр. масса | S21: ДХО | T21: 45675 | U21: 0.45833333 | V21: =DATEDIF(D21,T21,"y") & " г. " & DATEDIF(D21,T21,"ym") & " мес. " & DATEDIF(D21,T21,"md") & " дн." -> 0 г. 0 мес. 1 дн.
A22: =ROW(A21) -> 21 | B22: 31 | C22: Неврология | D22: 45676 | E22: 0.5 | F22: Гурылёв Александр Алексеевич | G22: 44288 | H22: =DATEDIF(G22,D22,"y") & " г. " & DATEDIF(G22,D22,"ym") & " мес. " & DATEDIF(G22,D22,"md") & " дн." -> 3 г. 9 мес. 17 дн. | I22: Из_других_больниц | K22: г. Фурманов, ул. Дзержинского, 41 | L22: Судорожный синдром, впервые | M22: Болезни нервной системы и органов чувств | O22: Периф. вен. кат. | S22: Неврология | T22: 45677 | U22: 0.58611111 | V22: =DATEDIF(D22,T22,"y") & " г. " & DATEDIF(D22,T22,"ym") & " мес. " & DATEDIF(D22,T22,"md") & " дн." -> 0 г. 0 мес. 1 дн.
A23: =ROW(A22) -> 22 | B23: 31 | C23: Педиатрия | D23: 45678 | E23: 0.45833333 | F23: Клюева Кристина Максимовна | G23: 40512 | H23: =DATEDIF(G23,D23,"y") & " г. " & DATEDIF(G23,D23,"ym") & " мес. " & DATEDIF(G23,D23,"md") & " дн." -> 14 г. 1 мес. 22 дн. | I23: Из_профильных_отделений | J23: Педиатрия | K23: г. Иваново, ул. Куликова, 3, 21 | L23: Отравление парацетамолом | M23: Отравления | O23: Периф. вен. кат. | S23: Педиатрия | T23: 45678 | U23: 0.79166667 | V23: =DATEDIF(D23,T23,"y") & " г. " & DATEDIF(D23,T23,"ym") & " мес. " & DATEDIF(D23,T23,"md") & " дн." -> 0 г. 0 мес. 0 дн.
A24: =ROW(A23) -> 23 | B24: 169 | C24: ДХО | D24: 45679 | E24: 0.77083333 | F24: Лохова Василиса Игоревна | G24: 44972 | H24: =DATEDIF(G24,D24,"y") & " г. " & DATEDIF(G24,D24,"ym") & " мес. " & DATEDIF(G24,D24,"md") & " дн." -> 1 г. 11 мес. 7 дн. | I24: Доставлен_СМП | K24: г.Иваново, проспект Текстильщиков, д.74, кв.82 | L24: Электротравма | M24: Ожоговая травма | O24: Периф. вен. кат. | S24: ДХО | T24: 45680 | U24: 0.46458333 | V24: =DATEDIF(D24,T24,"y") & " г. " & DATEDIF(D24,T24,"ym") & " мес. " & DATEDIF(D24,T24,"md") & " дн." -> 0 г. 0 мес. 1 дн.
A25: =ROW(A24) -> 24 | B25: 3 | C25: Неврология | D25: 45679 | E25: 0.44097222 | F25: Сытов Иван Сергеевич | G25: 39876 | H25: =DATEDIF(G25,D25,"y") & " г. " & DATEDIF(G25,D25,"ym") & " мес. " & DATEDIF(G25,D25,"md") & " дн." -> 15 г. 10 мес. 18 дн. | I25: Из_профильных_отделений | J25: Неврология | K25: г.Иваново, ул.Шубиных д. 16А | L25: Грибковый сепсис? | M25: Болезни нервной системы и органов чувств | O25: ЦВК | S25: ДХО | T25: 45680 | U25: 0.99652778 | V25: =DATEDIF(D25,T25,"y") & " г. " & DATEDIF(D25,T25,"ym") & " мес. " & DATEDIF(D25,T25,"md") & " дн." -> 0 г. 0 мес. 1 дн.
A26: 25 | B26: 161 | C26: ДХО | D26: 45679 | E26: 0.5 | F26: Лебедев (мал) | G26: 45679 | H26: =DATEDIF(G26,D26,"y") & " г. " & DATEDIF(G26,D26,"ym") & " мес. " & DATEDIF(G26,D26,"md") & " дн." -> 0 г. 0 мес. 0 дн. | I26: Из_других_больниц | K26: Кохма | L26: Атрезия пищевода | M26: Пороки и врождённые аномалии развития | O26: Гл. вен. линия | S26: Другие больницы | T26: 45680 | U26: 0.41666667 | V26: =DATEDIF(D26,T26,"y") & " г. " & DATEDIF(D26,T26,"ym") & " мес. " & DATEDIF(D26,T26,"md") & " дн." -> 0 г. 0 мес. 1 дн.
A27: =ROW(A26) -> 26 | B27: 181 | C27: ДХО | D27: 45680 | E27: 0.67708333 | F27: Жигалова Полина Александровна | G27: 42692 | H27: =DATEDIF(G27,D27,"y") & " г. " & DATEDIF(G27,D27,"ym") & " мес. " & DATEDIF(G27,D27,"md") & " дн." -> 8 г. 2 мес. 5 дн. | I27: Из_других_больниц | K27: Родниковский р-н, д.Никониха,д.9 | L27: Объемное образование головного мозга | M27: Новообразования | O27: Периф. вен. кат. | S27: Неврология | T27: 45683 | U27: 0.5 | V27: =DATEDIF(D27,T27,"y") & " г. " & DATEDIF(D27,T27,"ym") & " мес. " & DATEDIF(D27,T27,"md") & " дн." -> 0 г. 0 мес. 3 дн.
A28: 27 | B28: 40 | C28: Педиатрия | D28: 45681 | E28: 0.74305556 | F28: Тарасенко Степан Всеволодович | G28: 45635 | H28: =DATEDIF(G28,D28,"y") & " г. " & DATEDIF(G28,D28,"ym") & " мес. " & DATEDIF(G28,D28,"md") & " дн." -> 0 г. 1 мес. 15 дн. | I28: Доставлен_СМП | K28: г. Иваново, ул Сакко, 3, 22 | L28: Нарушение свёртываемости крови. Желтуха грудного молока. | M28: Пороки и врождённые аномалии развития | O28: Периф. вен. кат. | S28: Педиатрия | T28: 45682 | U28: 0.45347222 | V28: =DATEDIF(D28,T28,"y") & " г. " & DATEDIF(D28,T28,"ym") & " мес. " & DATEDIF(D28,T28,"md") & " дн." -> 0 г. 0 мес. 1 дн.
A29: =ROW(A28) -> 28 | B29: 47 | C29: Педиатрия | D29: 45684 | E29: 0.52430556 | F29: Порхун Елизавета Алексеевна | G29: 44846 | H29: =DATEDIF(G29,D29,"y") & " г. " & DATEDIF(G29,D29,"ym") & " мес. " & DATEDIF(G29,D29,"md") & " дн." -> 2 г. 3 мес. 15 дн. | I29: Самотёком | K29: г. Иваново, ул. Батурина, 17, 13 | L29: Сахарный диабет, кетоацидоз | M29: Болезни эндокринной системы и нарушения обмена веществ | O29: Периф. вен. кат. | S29: Другие больницы | T29: 45685 | U29: 0.41666667 | V29: =DATEDIF(D29,T29,"y") & " г. " & DATEDIF(D29,T29,"ym") & " мес. " & DATEDIF(D29,T29,"md") & " дн." -> 0 г. 0 мес. 1 дн.
A30: =ROW(A29) -> 29 | B30: 227 | C30: ДХО | D30: 45685 | E30: 0.54166667 | F30: Бакарев Даниил Максимович | G30: 45667 | H30: =DATEDIF(G30,D30,"y") & " г. " & DATEDIF(G30,D30,"ym") & " мес. " & DATEDIF(G30,D30,"md") & " дн." -> 0 г. 0 мес. 18 дн. | I30: Из_других_больниц | K30: Иваново | L30: вр.пилоростеноз | M30: Пороки и врождённые аномалии развития | O30: Периф. вен. кат. | S30: ДХО | T30: 45689 | U30: 0.5 | V30: =DATEDIF(D30,T30,"y") & " г. " & DATEDIF(D30,T30,"ym") & " мес. " & DATEDIF(D30,T30,"md") & " дн." -> 0 г. 0 мес. 4 дн.
A31: =ROW(A30) -> 30 | B31: 31 | C31: Неврология | D31: 45681 | E31: 0.85 | F31: Гурылёв Александр Алексеевич | G31: 44288 | H31: =DATEDIF(G31,D31,"y") & " г. " & DATEDIF(G31,D31,"ym") & " мес. " & DATEDIF(G31,D31,"md") & " дн." -> 3 г. 9 мес. 22 дн. | I31: Повторное_поступление | J31: Неврология | K31: г. Фурманов, ул. Дзержинского, 41 | L31: Эпистатус | M31: Болезни нервной системы и органов чувств | O31: Периф. вен. кат. | S31: Неврология | T31: 45683 | U31: 0.59722222 | V31: =DATEDIF(D31,T31,"y") & " г. " & DATEDIF(D31,T31,"ym") & " мес. " & DATEDIF(D31,T31,"md") & " дн." -> 0 г. 0 мес. 2 дн.
A32: =ROW(A31) -> 31 | B32: 32 | C32: Педиатрия | D32: 45677 | E32: 0.9625 | F32: Клюев Кирилл Владимирович | G32: 39341 | H32: =DATEDIF(G32,D32,"y") & " г. " & DATEDIF(G32,D32,"ym") & " мес. " & DATEDIF(G32,D32,"md") & " дн." -> 17 г. 4 мес. 4 дн. | I32: Доставлен_СМП | K32: Владимирская обл., Суздальский р-н, с. Весь, ул. Центральная, 12 | L32: Отравление суррогатами алкоголя | M32: Отравления | O32: Периф. вен. кат. | S32: Педиатрия | T32: 45678 | U32: 0.40069444 | V32: =DATEDIF(D32,T32,"y") & " г. " & DATEDIF(D32,T32,"ym") & " мес. " & DATEDIF(D32,T32,"md") & " дн." -> 0 г. 0 мес. 1 дн.
A33: =ROW(A32) -> 32 | B33: 40 | C33: Педиатрия | D33: 45680 | E33: 0.78125 | F33: Панченко София Павловна | G33: 40406 | H33: =DATEDIF(G33,D33,"y") & " г. " & DATEDIF(G33,D33,"ym") & " мес. " & DATEDIF(G33,D33,"md") & " дн." -> 14 г. 5 мес. 7 дн. | I33: Доставлен_СМП | K33: Шуйский р-н, с. Введенье, ул. Фабричный двор, 3, 5 | L33: Сахарный диабет, кетоацидоз | M33: Болезни эндокринной системы и нарушения обмена веществ | O33: Периф. вен. кат. | S33: Другие больницы | T33: 45682 | U33: 0.5 | V33: =DATEDIF(D33,T33,"y") & " г. " & DATEDIF(D33,T33,"ym") & " мес. " & DATEDIF(D33,T33,"md") & " дн." -> 0 г. 0 мес. 2 дн.
A34: =ROW(A33) -> 33 | B34: 103 | C34: Пульмо | D34: 45682 | E34: 0.024305556 | F34: Угарова Мария Александровна | G34: 39519 | H34: =DATEDIF(G34,D34,"y") & " г. " & DATEDIF(G34,D34,"ym") & " мес. " & DATEDIF(G34,D34,"md") & " дн." -> 16 г. 10 мес. 13 дн. | I34: Повторное_поступление | J34: Пульмо | K34: г. Кинешма, ул. Кутузова, 38 | L34: Опухоль хиазмально-селлярной области, оперированная. Полигландулярная недостаточность. | M34: Новообразования | O34: ЦВК | S34: Педиатрия | T34: 45694 | U34: 0.99722222 | V34: =DATEDIF(D34,T34,"y") & " г. " & DATEDIF(D34,T34,"ym") & " мес. " & DATEDIF(D34,T34,"md") & " дн." -> 0 г. 0 мес. 12 дн.
A35: =ROW(A34) -> 34 | B35: 94 | C35: Пульмо | D35: 45681 | E35: 0.010416667 | F35: Сытов Иван Сергеевич | G35: 39876 | H35: =DATEDIF(G35,D35,"y") & " г. " & DATEDIF(G35,D35,"ym") & " мес. " & DATEDIF(G35,D35,"md") & " дн." -> 15 г. 10 мес. 20 дн. | I35: Повторное_поступление | J35: Пульмо | K35: г. Иваново, ул. Шубиных, 16а, 20 | L35: Пневмония. С-м Гийена-Барре. ЯК. Дивертикул Меккеля. | M35: Болезни нервной системы и органов чувств | O35: ЦВК | Q35: СЗП+Эр | R35: MPS | S35: Другие больницы | T35: 45686 | U35: 0.75 | V35: =DATEDIF(D35,T35,"y") & " г. " & DATEDIF(D35,T35,"ym") & " мес. " & DATEDIF(D35,T35,"md") & " дн." -> 0 г. 0 мес. 5 дн.
A36: =ROW(A35) -> 35 | B36: 55 | C36: Неврология | D36: 45688 | E36: 0.27083333 | F36: Манукян Ашот Тавросович | G36: 42425 | H36: =DATEDIF(G36,D36,"y") & " г. " & DATEDIF(G36,D36,"ym") & " мес. " & DATEDIF(G36,D36,"md") & " дн." -> 8 г. 11 мес. 6 дн. | I36: Доставлен_СМП | K36: Кохма Владимирская | L36: зпилепсия | M36: Болезни нервной системы и органов чувств | O36: Периф. вен. кат. | S36: Неврология | T36: 45688 | U36: 0.5 | V36: =DATEDIF(D36,T36,"y") & " г. " & DATEDIF(D36,T36,"ym") & " мес. " & DATEDIF(D36,T36,"md") & " дн." -> 0 г. 0 мес. 0 дн.
A37: =ROW(A36) -> 36 | B37: 53 | C37: Неврология | D37: 45687 | E37: 0.54166667 | F37: Колесова Валерия Алекссевна | G37: 39468 | H37: =DATEDIF(G37,D37,"y") & " г. " & DATEDIF(G37,D37,"ym") & " мес. " & DATEDIF(G37,D37,"md") & " дн." -> 17 г. 0 мес. 9 дн. | I37: Доставлен_СМП | K37: Иваново п.Коммуны | L37: цефалгия | M37: Болезни нервной системы и органов чувств | O37: Периф. вен. кат. | S37: Неврология | T37: 45688 | U37: 0.5 | V37: =DATEDIF(D37,T37,"y") & " г. " & DATEDIF(D37,T37,"ym") & " мес. " & DATEDIF(D37,T37,"md") & " дн." -> 0 г. 0 мес. 1 дн.
A38: =ROW(A37) -> 37 | B38: 241 | C38: ДХО | D38: 45687 | E38: 0.58333333 | F38: Борисов Иван Михайлович | G38: 45613 | H38: =DATEDIF(G38,D38,"y") & " г. " & DATEDIF(G38,D38,"ym") & " мес. " & DATEDIF(G38,D38,"md") & " дн." -> 0 г. 2 мес. 13 дн. | I38: Из_операционной | J38: ДХО | K38: Иваново | L38: ретинопатия | M38: Ретинопатии | O38: Периф. вен. кат. | S38: ДХО | T38: 45688 | U38: 0.5 | V38: =DATEDIF(D38,T38,"y") & " г. " & DATEDIF(D38,T38,"ym") & " мес. " & DATEDIF(D38,T38,"md") & " дн." -> 0 г. 0 мес. 1 дн.
A39: =ROW(A38) -> 38 | B39: 61 | C39: Педиатрия | D39: 45688 | E39: 0.45833333 | F39: Пронюшкин Артем Сергеевич | G39: 41898 | H39: =DATEDIF(G39,D39,"y") & " г. " & DATEDIF(G39,D39,"ym") & " мес. " & DATEDIF(G39,D39,"md") & " дн." -> 10 г. 4 мес. 15 дн. | I39: Доставлен_СМП | K39: Шуйский р-н, с. Васильевское 2 меньшиковская 12 | L39: Сахарный диабет, кетоацидоз | M39: Болезни эндокринной системы и нарушения обмена веществ | O39: Периф. вен. кат. | S39: Педиатрия | T39: 45689 | U39: 0.5 | V39: =DATEDIF(D39,T39,"y") & " г. " & DATEDIF(D39,T39,"ym") & " мес. " & DATEDIF(D39,T39,"md") & " дн." -> 0 г. 0 мес. 1 дн.
A40: =ROW(A39) -> 39 | B40: 261 | C40: ДХО | D40: 45689 | E40: 0.55555556 | F40: Королев мальчик | G40: 45689 | H40: =DATEDIF(G40,D40,"y") & " г. " & DATEDIF(G40,D40,"ym") & " мес. " & DATEDIF(G40,D40,"md") & " дн." -> 0 г. 0 мес. 0 дн. | I40: Из_других_больниц | K40: Гаврилово-Посадский р-н, с. Ирмес, ул. Панельная, 20-5 (мать) | L40: Атрезия ануса | M40: Болезни органов пищеварения | O40: ЦВК | S40: Другие больницы | T40: 45689 | U40: 0.5 | V40: =DATEDIF(D40,T40,"y") & " г. " & DATEDIF(D40,T40,"ym") & " мес. " & DATEDIF(D40,T40,"md") & " дн." -> 0 г. 0 мес. 0 дн.
A41: =ROW(A40) -> 40 | B41: 65 | C41: Педиатрия | D41: 45689 | E41: 0.78819444 | F41: Троицкий Эльдар Юрьевич | G41: 39612 | H41: =DATEDIF(G41,D41,"y") & " г. " & DATEDIF(G41,D41,"ym") & " мес. " & DATEDIF(G41,D41,"md") & " дн." -> 16 г. 7 мес. 19 дн. | I41: Доставлен_СМП | K41: Ивановская обл. | L41: Отравление суррогатами алкоголя | M41: Отравления | O41: Периф. вен. кат. | S41: Педиатрия | T41: 45690 | U41: 0.52222222 | V41: =DATEDIF(D41,T41,"y") & " г. " & DATEDIF(D41,T41,"ym") & " мес. " & DATEDIF(D41,T41,"md") & " дн." -> 0 г. 0 мес. 1 дн.
A42: =ROW(A41) -> 41 | B42: 242 | C42: ДХО | D42: 45687 | E42: 0.125 | F42: Цимик Андрей Владимирович | G42: 40160 | H42: =DATEDIF(G42,D42,"y") & " г. " & DATEDIF(G42,D42,"ym") & " мес. " & DATEDIF(G42,D42,"md") & " дн." -> 15 г. 1 мес. 17 дн. | I42: Из_операционной | J42: ДХО | K42: г. Шуя, ул. 3я Металлистов, 62 | L42: Прободная язва желудка. Лапароскопическое ушивание перфорации 30.01.25 | M42: Болезни органов пищеварения | O42: ЦВК | P42: Эпидур. анест. | S42: ДХО | T42: 45691 | U42: 0.47361111 | V42: =DATEDIF(D42,T42,"y") & " г. " & DATEDIF(D42,T42,"ym") & " мес. " & DATEDIF(D42,T42,"md") & " дн." -> 0 г. 0 мес. 4 дн.
A43: =ROW(#REF!) -> #REF! | B43: 286 | C43: ДХО | D43: 45693 | E43: 0.67361111 | F43: Тимофеев Мирон Янисович | G43: 40061 | H43: =DATEDIF(G43,D43,"y") & " г. " & DATEDIF(G43,D43,"ym") & " мес. " & DATEDIF(G43,D43,"md") & " дн." -> 15 г. 5 мес. 0 дн. | I43: Из_операционной | J43: ДОТО | K43: Иваново Октябрьская 16-6 | L43: Инородное тело желудка, язва желудка | M43: Болезни органов пищеварения | O43: ЦВК | S43: ДХО | T43: 45695 | U43: 0.45833333 | V43: =DATEDIF(D43,T43,"y") & " г. " & DATEDIF(D43,T43,"ym") & " мес. " & DATEDIF(D43,T43,"md") & " дн." -> 0 г. 0 мес. 2 дн.
A44: =ROW(A43) -> 43 | B44: 151 | C44: ДОТО | D44: 45694 | E44: 0.15625 | F44: Мохаммад Шариф Сабавун | G44: 40080 | H44: =DATEDIF(G44,D44,"y") & " г. " & DATEDIF(G44,D44,"ym") & " мес. " & DATEDIF(G44,D44,"md") & " дн." -> 15 г. 4 мес. 13 дн. | I44: Из_операционной | J44: ДОТО | K44: ИвоновоВелижская 7 | L44: Резаная рана правого предплечья | M44: Болезни костно-мышечного аппарата | O44: Периф. вен. кат. | S44: ДОТО | T44: 45694 | U44: 0.4375 | V44: =DATEDIF(D44,T44,"y") & " г. " & DATEDIF(D44,T44,"ym") & " мес. " & DATEDIF(D44,T44,"md") & " дн." -> 0 г. 0 мес. 0 дн.
A45: =ROW(A44) -> 44 | B45: 314 | C45: Педиатрия | D45: 45694 | E45: 0.92013889 | F45: Киреева Юлия Андреевна | G45: 39966 | H45: =DATEDIF(G45,D45,"y") & " г. " & DATEDIF(G45,D45,"ym") & " мес. " & DATEDIF(G45,D45,"md") & " дн." -> 15 г. 8 мес. 4 дн. | I45: Доставлен_СМП | K45: Иваново | L45: Острая язва желудка | M45: Болезни органов пищеварения | O45: Периф. вен. кат. | S45: ДХО | T45: 45696 | U45: 0.5625 | V45: =DATEDIF(D45,T45,"y") & " г. " & DATEDIF(D45,T45,"ym") & " мес. " & DATEDIF(D45,T45,"md") & " дн." -> 0 г. 0 мес. 2 дн.
A46: =ROW(A45) -> 45 | B46: 302 | C46: ДХО | D46: 45695 | E46: 0.59375 | F46: Скрипачев Егор Александрович | G46: 40422 | H46: =DATEDIF(G46,D46,"y") & " г. " & DATEDIF(G46,D46,"ym") & " мес. " & DATEDIF(G46,D46,"md") & " дн." -> 14 г. 5 мес. 6 дн. | I46: Из_операционной | K46: г. Кинешма, ул. Сеченова, д.8, к.3 | L46: Желчекаменная болезнь | M46: Болезни органов пищеварения | O46: Периф. вен. кат. | S46: ДХО | T46: 45695 | U46: 0.8 | V46: =DATEDIF(D46,T46,"y") & " г. " & DATEDIF(D46,T46,"ym") & " мес. " & DATEDIF(D46,T46,"md") & " дн." -> 0 г. 0 мес. 0 дн.
A47: =ROW(A46) -> 46 | B47: 161 | C47: ДОТО | D47: 45695 | E47: 0.8125 | F47: Петрунина Дарья Алексеевна | G47: 40072 | H47: =DATEDIF(G47,D47,"y") & " г. " & DATEDIF(G47,D47,"ym") & " мес. " & DATEDIF(G47,D47,"md") & " дн." -> 15 г. 4 мес. 22 дн. | I47: Доставлен_СМП | K47: Иваново | L47: ОЧМТ | M47: Травма сочетанная и изолированная | O47: Периф. вен. кат. | S47: ДОТО | T47: 45696 | U47: 0.47222222 | V47: =DATEDIF(D47,T47,"y") & " г. " & DATEDIF(D47,T47,"ym") & " мес. " & DATEDIF(D47,T47,"md") & " дн." -> 0 г. 0 мес. 1 дн.
A48: =ROW(A47) -> 47 | B48: 163 | C48: Педиатрия | D48: 45698 | E48: 0.20833333 | F48: Зайцев Матвей Кириллович | G48: 41736 | H48: =DATEDIF(G48,D48,"y") & " г. " & DATEDIF(G48,D48,"ym") & " мес. " & DATEDIF(G48,D48,"md") & " дн." -> 10 г. 10 мес. 3 дн. | I48: Доставлен_СМП | K48: г.Иваново, пр-т Строителей, 16-38 | L48: СД I типа. Фаза кетоацидоза | M48: Болезни эндокринной системы и нарушения обмена веществ | O48: Периф. вен. кат. | S48: Педиатрия | T48: 45699 | U48: 0.55902778 | V48: =DATEDIF(D48,T48,"y") & " г. " & DATEDIF(D48,T48,"ym") & " мес. " & DATEDIF(D48,T48,"md") & " дн." -> 0 г. 0 мес. 1 дн.
A49: =ROW(A48) -> 48 | B49: 81 | C49: Педиатрия | D49: 45697 | E49: 0.90972222 | F49: Халезов Максим Евгеньевич | G49: 43654 | H49: =DATEDIF(G49,D49,"y") & " г. " & DATEDIF(G49,D49,"ym") & " мес. " & DATEDIF(G49,D49,"md") & " дн." -> 5 г. 7 мес. 1 дн. | I49: Доставлен_СМП | K49: п. Савино, ул.Комсомольская, д.17А | L49: паллиативный статус | M49: Болезни нервной системы и органов чувств | O49: Без доступа | S49: ДОТО | T49: 45701 | U49: 0.41666667 | V49: =DATEDIF(D49,T49,"y") & " г. " & DATEDIF(D49,T49,"ym") & " мес. " & DATEDIF(D49,T49,"md") & " дн." -> 0 г. 0 мес. 4 дн.
A50: =ROW(A49) -> 49 | B50: 163 | C50: ДОТО | D50: 45697 | E50: 0.81944444 | F50: Здеков Денис Денисович | G50: 40342 | H50: =DATEDIF(G50,D50,"y") & " г. " & DATEDIF(G50,D50,"ym") & " мес. " & DATEDIF(G50,D50,"md") & " дн." -> 14 г. 7 мес. 27 дн. | I50: Доставлен_СМП | K50: г.Иваново, ул.Ермака, 10-104 | L50: Сочетанная травма. ОЧМТ | M50: Травма сочетанная и изолированная | N50: 95 | O50: ЦВК №2 | Q50: СЗП+/-крио | S50: Летальный исход | T50: 45701 | U50: 0.75486111 | V50: =DATEDIF(D50,T50,"y") & " г. " & DATEDIF(D50,T50,"ym") & " мес. " & DATEDIF(D50,T50,"md") & " дн." -> 0 г. 0 мес. 4 дн.
A51: =ROW(A50) -> 50 | B51: 304 | C51: ДХО | D51: 45698 | E51: 0.59027778 | F51: Павлюк Регина Викторовна | G51: 39856 | H51: =DATEDIF(G51,D51,"y") & " г. " & DATEDIF(G51,D51,"ym") & " мес. " & DATEDIF(G51,D51,"md") & " дн." -> 15 г. 11 мес. 29 дн. | I51: Из_операционной | J51: ДХО | K51: Шуйский р-н, с. Китово, ул. Центральная, 83, 1 | L51: Краниофарингеаома | M51: Болезни нервной системы и органов чувств | O51: Периф. вен. кат. | S51: ДХО | T51: 45699 | U51: 0.5625 | V51: =DATEDIF(D51,T51,"y") & " г. " & DATEDIF(D51,T51,"ym") & " мес. " & DATEDIF(D51,T51,"md") & " дн." -> 0 г. 0 мес. 1 дн.
A52: =ROW(A51) -> 51 | B52: 362 | C52: ДХО | D52: 45700 | E52: 0.59791667 | F52: Морозов Денис Дмитриевич | G52: 40214 | H52: =DATEDIF(G52,D52,"y") & " г. " & DATEDIF(G52,D52,"ym") & " мес. " & DATEDIF(G52,D52,"md") & " дн." -> 15 г. 0 мес. 7 дн. | I52: Из_операционной | J52: ДХО | K52: Ив. Об-ть Родниковский р-он с. Сосновка | L52: ЖКК из луковицы 12 перстной кишки | M52: Болезни органов пищеварения | O52: ЦВК | P52: Эпидур. анест. | Q52: Эр. масса | S52: ДХО | T52: 45708 | U52: 0.46944444 | V52: =DATEDIF(D52,T52,"y") & " г. " & DATEDIF(D52,T52,"ym") & " мес. " & DATEDIF(D52,T52,"md") & " дн." -> 0 г. 0 мес. 8 дн.
A53: =ROW(A52) -> 52 | B53: 173 | C53: ДОТО | D53: 45699 | E53: 0.74305556 | F53: Пухова Дарья Алексеевна | G53: 40277 | H53: =DATEDIF(G53,D53,"y") & " г. " & DATEDIF(G53,D53,"ym") & " мес. " & DATEDIF(G53,D53,"md") & " дн." -> 14 г. 10 мес. 2 дн. | I53: Из_операционной | J53: ДОТО | K53: г.Иваново ул. Ташкенская 55 | L53: Сочетанная травма. ЗЧМТ | M53: Болезни костно-мышечного аппарата | O53: Периф. вен. кат. | S53: ДОТО | T53: 45703 | U53: 0.80208333 | V53: =DATEDIF(D53,T53,"y") & " г. " & DATEDIF(D53,T53,"ym") & " мес. " & DATEDIF(D53,T53,"md") & " дн." -> 0 г. 0 мес. 4 дн.
A54: =ROW(A53) -> 53 | B54: 347 | C54: ДХО | D54: 45699 | E54: 0.47569444 | F54: Ватутина Дарья Анатольевна | G54: 39337 | H54: =DATEDIF(G54,D54,"y") & " г. " & DATEDIF(G54,D54,"ym") & " мес. " & DATEDIF(G54,D54,"md") & " дн." -> 17 г. 4 мес. 30 дн. | I54: Из_операционной | J54: ДХО | K54: Иваново, Велижская 54 | L54: Перфоративная язва желудка | M54: Болезни органов пищеварения | O54: ЦВК | P54: Эпидур. анест. | S54: ДХО | T54: 45705 | U54: 0.36527778 | V54: =DATEDIF(D54,T54,"y") & " г. " & DATEDIF(D54,T54,"ym") & " мес. " & DATEDIF(D54,T54,"md") & " дн." -> 0 г. 0 мес. 6 дн.
A55: =ROW(A54) -> 54 | B55: 357 | C55: ДХО | D55: 45700 | E55: 0.11527778 | F55: Поляковаи Ангелина Спартаковна | G55: 44713 | H55: =DATEDIF(G55,D55,"y") & " г. " & DATEDIF(G55,D55,"ym") & " мес. " & DATEDIF(G55,D55,"md") & " дн." -> 2 г. 8 мес. 11 дн. | I55: Из_операционной | J55: ДХО | K55: с. Кукарино, район Лежневский | L55: ЖКК | M55: Болезни органов пищеварения | O55: Периф. вен. кат. | S55: ДХО | T55: 45701 | U55: 0.44166667 | V55: =DATEDIF(D55,T55,"y") & " г. " & DATEDIF(D55,T55,"ym") & " мес. " & DATEDIF(D55,T55,"md") & " дн." -> 0 г. 0 мес. 1 дн.
A56: =ROW(A55) -> 55 | B56: 85 | C56: Педиатрия | D56: 45698 | E56: 0.9625 | F56: Большаков Иван Павлович | G56: 39477 | H56: =DATEDIF(G56,D56,"y") & " г. " & DATEDIF(G56,D56,"ym") & " мес. " & DATEDIF(G56,D56,"md") & " дн." -> 17 г. 0 мес. 11 дн. | I56: Доставлен_СМП | K56: г. Иваново, ул. 7 Минеевская, 23/1, 7, 23 | L56: СГМ. Токсическое действие спиртов. | M56: Отравления | O56: Периф. вен. кат. | S56: Педиатрия | T56: 45700 | U56: 0.51875 | V56: =DATEDIF(D56,T56,"y") & " г. " & DATEDIF(D56,T56,"ym") & " мес. " & DATEDIF(D56,T56,"md") & " дн." -> 0 г. 0 мес. 2 дн.
A57: =ROW(A56) -> 56 | B57: 89 | C57: Неврология | D57: 45706 | E57: 0.625 | F57: Калмыкова Виолетта Юрьевна | G57: 44874 | H57: =DATEDIF(G57,D57,"y") & " г. " & DATEDIF(G57,D57,"ym") & " мес. " & DATEDIF(G57,D57,"md") & " дн." -> 2 г. 3 мес. 9 дн. | I57: Доставлен_СМП | K57: г. Кохма, пер. Ивановский, 1/3, 13 | L57: Вирусно-бактериальный менингоэнцефалит | M57: Инфекционные и паразитарные болезни | O57: Периф. вен. кат. | S57: Другие больницы | T57: 45707 | U57: 0.52638889 | V57: =DATEDIF(D57,T57,"y") & " г. " & DATEDIF(D57,T57,"ym") & " мес. " & DATEDIF(D57,T57,"md") & " дн." -> 0 г. 0 мес. 1 дн.
A58: =ROW(A57) -> 57 | B58: 86 | C58: Педиатрия | D58: 45702 | E58: 0.034722222 | F58: Колесникова Ульяна Марковна | G58: 44435 | H58: =DATEDIF(G58,D58,"y") & " г. " & DATEDIF(G58,D58,"ym") & " мес. " & DATEDIF(G58,D58,"md") & " дн." -> 3 г. 5 мес. 18 дн. | I58: Доставлен_СМП | K58: г. Иваново, ул. Стрелковая, 8, 44 | L58: Пароксизмальная наджелудочковая тахикардия | M58: Болезни системы кровообращения | O58: Периф. вен. кат. | S58: Педиатрия | T58: 45702 | U58: 0.49375 | V58: =DATEDIF(D58,T58,"y") & " г. " & DATEDIF(D58,T58,"ym") & " мес. " & DATEDIF(D58,T58,"md") & " дн." -> 0 г. 0 мес. 0 дн.
A59: =ROW(A58) -> 58 | B59: 423 | C59: ДХО | D59: 45707 | E59: 0.30972222 | F59: Лепилов мальчик | G59: 45707 | H59: =DATEDIF(G59,D59,"y") & " г. " & DATEDIF(G59,D59,"ym") & " мес. " & DATEDIF(G59,D59,"md") & " дн." -> 0 г. 0 мес. 0 дн. | I59: Из_других_больниц | K59: г. Южа, ул. 6-я Рабочая, 22 | L59: РДСН. ДН 3. МВПР. Атрезия пищевода. Диафрагмальная грыжа. ВПР костной системы. Декстракардия. Spina bifida. Пиелоэктазия слева. Церебральная ишемия 1 ст. Синдром угнетения. НМТ. Недоношенность 33 нед. 2 дня. | M59: Пороки и врождённые аномалии развития | O59: Гл. вен. линия | S59: Другие больницы | T59: 45707 | U59: 0.47847222 | V59: =DATEDIF(D59,T59,"y") & " г. " & DATEDIF(D59,T59,"ym") & " мес. " & DATEDIF(D59,T59,"md") & " дн." -> 0 г. 0 мес. 0 дн.
A60: =ROW(A59) -> 59 | B60: 124 | C60: ДОТО | D60: 45688 | E60: 0.85416667 | F60: Першин Игорь Владимирович | G60: 43411 | H60: =DATEDIF(G60,D60,"y") & " г. " & DATEDIF(G60,D60,"ym") & " мес. " & DATEDIF(G60,D60,"md") & " дн." -> 6 г. 2 мес. 24 дн. | I60: Доставлен_СМП | K60: г. Фурманов, ул. Заводская, 39 | L60: Закрытый перелом н/3 правой бедренной кости со смещением отломков. Травматический шок 1 ст. | M60: Травма сочетанная и изолированная | O60: Периф. вен. кат. | S60: ДОТО | T60: 45689 | U60: 0.45833333 | V60: =DATEDIF(D60,T60,"y") & " г. " & DATEDIF(D60,T60,"ym") & " мес. " & DATEDIF(D60,T60,"md") & " дн." -> 0 г. 0 мес. 1 дн.
A61: =ROW(A60) -> 60 | B61: 351 | C61: ДХО | D61: 45699 | E61: 0.70486111 | F61: Савва Станислав Джаваневич | G61: 45248 | H61: =DATEDIF(G61,D61,"y") & " г. " & DATEDIF(G61,D61,"ym") & " мес. " & DATEDIF(G61,D61,"md") & " дн." -> 1 г. 2 мес. 24 дн. | I61: Из_операционной | J61: ДХО | K61: г. Кохма, ул. Чехова, 38, 8 | L61: Инородное тело пищевода (батарейка) | M61: Травма сочетанная и изолированная | O61: Периф. вен. кат. | S61: ДХО | T61: 45702 | U61: 0.46875 | V61: =DATEDIF(D61,T61,"y") & " г. " & DATEDIF(D61,T61,"ym") & " мес. " & DATEDIF(D61,T61,"md") & " дн." -> 0 г. 0 мес. 3 дн.
A62: =ROW(A61) -> 61 | B62: 89 | C62: Педиатрия | D62: 45705 | E62: 0.45833333 | F62: Сапожков Кирилл Дмитриевич | G62: 40730 | H62: =DATEDIF(G62,D62,"y") & " г. " & DATEDIF(G62,D62,"ym") & " мес. " & DATEDIF(G62,D62,"md") & " дн." -> 13 г. 7 мес. 11 дн. | I62: Доставлен_СМП | K62: г. Иваново, ул. Кудряшова, 71к1, 140 | L62: Сахарный диабет, кетоацидоз | M62: Болезни эндокринной системы и нарушения обмена веществ | O62: Периф. вен. кат. | S62: Другие больницы | T62: 45706 | U62: 0.4125 | V62: =DATEDIF(D62,T62,"y") & " г. " & DATEDIF(D62,T62,"ym") & " мес. " & DATEDIF(D62,T62,"md") & " дн." -> 0 г. 0 мес. 1 дн.
A63: =ROW(A62) -> 62 | B63: 92 | C63: Педиатрия | D63: 45707 | E63: 0.096527778 | F63: Лимонова Анастасия Николаевна | G63: 40912 | H63: =DATEDIF(G63,D63,"y") & " г. " & DATEDIF(G63,D63,"ym") & " мес. " & DATEDIF(G63,D63,"md") & " дн." -> 13 г. 1 мес. 15 дн. | I63: Доставлен_СМП | K63: г. Иваново | L63: Отравление таблетками микстное | M63: Отравления | O63: Периф. вен. кат. | S63: Педиатрия | T63: 45708 | U63: 0.46180556 | V63: =DATEDIF(D63,T63,"y") & " г. " & DATEDIF(D63,T63,"ym") & " мес. " & DATEDIF(D63,T63,"md") & " дн." -> 0 г. 0 мес. 1 дн.
A64: =ROW(A63) -> 63 | B64: 240 | C64: Пульмо | D64: 45707 | E64: 0.81458333 | F64: Стецик Денис Николаевич | G64: 39803 | H64: =DATEDIF(G64,D64,"y") & " г. " & DATEDIF(G64,D64,"ym") & " мес. " & DATEDIF(G64,D64,"md") & " дн." -> 16 г. 1 мес. 29 дн. | I64: Доставлен_СМП | K64: г. Иваново | L64: Пневмония справа. Нейрофиброматоз. | M64: Болезни органов дыхания | N64: 204 | O64: Периф. вен. кат. | S64: Прочее | T64: 45716 | U64: 0.59791667 | V64: =DATEDIF(D64,T64,"y") & " г. " & DATEDIF(D64,T64,"ym") & " мес. " & DATEDIF(D64,T64,"md") & " дн." -> 0 г. 0 мес. 9 дн.
A65: =ROW(A64) -> 64 | B65: 204 | C65: ДОТО | D65: 45705 | E65: 0.94791667 | F65: Алексеев Никита Антонович | G65: 42772 | H65: =DATEDIF(G65,D65,"y") & " г. " & DATEDIF(G65,D65,"ym") & " мес. " & DATEDIF(G65,D65,"md") & " дн." -> 8 г. 0 мес. 11 дн. | I65: Доставлен_СМП | K65: г. Кинешма | L65: Сочетанная травма. ЗЧМТ. СГМ. ЗТГК. Ушиб обоих лёгких. Пневмоторакс справа. Перелом боковых масс крестца. Перелом седалищных костей, левой лонной кости, левой таранной кости. Тр. Шок 2 ст. ISS 22 б. | M65: Травма сочетанная и изолированная | O65: ЦВК | S65: ДОТО | T65: 45709 | U65: 0.59236111 | V65: =DATEDIF(D65,T65,"y") & " г. " & DATEDIF(D65,T65,"ym") & " мес. " & DATEDIF(D65,T65,"md") & " дн." -> 0 г. 0 мес. 4 дн.
A66: =ROW(A65) -> 65 | B66: 239 | C66: Пульмо | D66: 45707 | E66: 0.58680556 | F66: Колёскин Артём Дмитриевич | G66: 42529 | H66: =DATEDIF(G66,D66,"y") & " г. " & DATEDIF(G66,D66,"ym") & " мес. " & DATEDIF(G66,D66,"md") & " дн." -> 8 г. 8 мес. 11 дн. | I66: Доставлен_СМП | K66: г. Вичуга, ул. Циолковского, 23 | L66: Пневмония. ВИЧ. ОПЦНС. | M66: Болезни органов дыхания | N66: 548 | O66: ЦВК | S66: Прочее | T66: 45729 | U66: 0.44791667 | V66: =DATEDIF(D66,T66,"y") & " г. " & DATEDIF(D66,T66,"ym") & " мес. " & DATEDIF(D66,T66,"md") & " дн." -> 0 г. 0 мес. 22 дн.
A67: =ROW(A66) -> 66 | B67: 76 | C67: Пед. паллиатив | D67: 45695 | E67: 0.30208333 | F67: Угарова Мария Александровна | G67: 39519 | H67: =DATEDIF(G67,D67,"y") & " г. " & DATEDIF(G67,D67,"ym") & " мес. " & DATEDIF(G67,D67,"md") & " дн." -> 16 г. 10 мес. 26 дн. | I67: Повторное_поступление | J67: Неврология | K67: г. Кинешма, ул. Кутузова, 38 | L67: ОПЦНС. Спаст. Тетраплегия. Псевдобульбарный синдром. Хр. Вегетативное состояние. Новообразование ХСО. Микрохирургическое удаление опухоли 12.11.24. | M67: Болезни нервной системы и органов чувств | O67: ЦВК | S67: Другие больницы | T67: 45709 | U67: 0.6 | V67: =DATEDIF(D67,T67,"y") & " г. " & DATEDIF(D67,T67,"ym") & " мес. " & DATEDIF(D67,T67,"md") & " дн." -> 0 г. 0 мес. 14 дн.
A68: =ROW(A67) -> 67 | B68: 151 | C68: Пульмо | D68: 45691 | E68: 0.47916667 | F68: Крылов Ярослав Дмитриевич | G68: 40323 | H68: =DATEDIF(G68,D68,"y") & " г. " & DATEDIF(G68,D68,"ym") & " мес. " & DATEDIF(G68,D68,"md") & " дн." -> 14 г. 8 мес. 9 дн. | I68: Доставлен_СМП | K68: г. Иваново, мкрн. Рождественский, 2, 189 | L68: ОПЦНС. X-сцепленная адреналодистрофия. Дистрофия роговиц обоих глаз. | M68: Пороки и врождённые аномалии развития | N68: 1728 | O68: ЦВК | Q68: СЗП+/-крио | R68: Кишеч. лаваж | S68: Прочее | T68: 45762 | U68: 0.6875 | V68: =DATEDIF(D68,T68,"y") & " г. " & DATEDIF(D68,T68,"ym") & " мес. " & DATEDIF(D68,T68,"md") & " дн." -> 0 г. 2 мес. 12 дн.
A69: =ROW(A68) -> 68 | B69: 85 | C69: Нефро | D69: 45707 | E69: 0.96875 | F69: Севастьянова Марина Михайловна | G69: 43603 | H69: =DATEDIF(G69,D69,"y") & " г. " & DATEDIF(G69,D69,"ym") & " мес. " & DATEDIF(G69,D69,"md") & " дн." -> 5 г. 9 мес. 1 дн. | I69: Доставлен_СМП | K69: г. Комсомольск, ул. Ломоносова, 28 | L69: Нейрогенная дисфункция мочевого пузыря. Асцит. | M69: Пороки и врождённые аномалии развития | O69: Периф. вен. кат. | S69: Нефро | T69: 45710 | U69: 0.63472222 | V69: =DATEDIF(D69,T69,"y") & " г. " & DATEDIF(D69,T69,"ym") & " мес. " & DATEDIF(D69,T69,"md") & " дн." -> 0 г. 0 мес. 3 дн.
A70: =ROW(A69) -> 69 | B70: 95 | C70: Педиатрия | D70: 45710 | E70: 0.72916667 | F70: Селиванов Роман Антонович | G70: 40617 | H70: =DATEDIF(G70,D70,"y") & " г. " & DATEDIF(G70,D70,"ym") & " мес. " & DATEDIF(G70,D70,"md") & " дн." -> 13 г. 11 мес. 7 дн. | I70: Доставлен_СМП | K70: г.Иваново, ш.Кохомское, 5-197 | L70: Отравление суррогатами алкоголя | M70: Отравления | O70: Периф. вен. кат. | S70: Педиатрия | T70: 45711 | U70: 0.38680556 | V70: =DATEDIF(D70,T70,"y") & " г. " & DATEDIF(D70,T70,"ym") & " мес. " & DATEDIF(D70,T70,"md") & " дн." -> 0 г. 0 мес. 1 дн.
A71: =ROW(A70) -> 70 | B71: 263 | C71: Пульмо | D71: 45712 | E71: 0.81944444 | F71: Устинин Максим Максимович | G71: 45376 | H71: =DATEDIF(G71,D71,"y") & " г. " & DATEDIF(G71,D71,"ym") & " мес. " & DATEDIF(G71,D71,"md") & " дн." -> 0 г. 10 мес. 30 дн. | I71: Доставлен_СМП | K71: Иваново, 30м-н,53-19 | L71: дв.пневмония | M71: Болезни органов дыхания | O71: ЦВК | S71: Прочее | T71: 45736 | U71: 0.5 | V71: =DATEDIF(D71,T71,"y") & " г. " & DATEDIF(D71,T71,"ym") & " мес. " & DATEDIF(D71,T71,"md") & " дн." -> 0 г. 0 мес. 24 дн.
A72: =ROW(A71) -> 71 | B72: 116 | C72: Педиатрия | D72: 45722 | E72: 0.65555556 | F72: Воробьёв Вячеслав Сергеевич | G72: 39576 | H72: =DATEDIF(G72,D72,"y") & " г. " & DATEDIF(G72,D72,"ym") & " мес. " & DATEDIF(G72,D72,"md") & " дн." -> 16 г. 9 мес. 26 дн. | I72: Доставлен_СМП | K72: г. Иваново, ул. Велижская, 12, 76 | L72: Отравление парацетамолом | M72: Отравления | O72: Периф. вен. кат. | S72: Педиатрия | T72: 45723 | U72: 0.48333333 | V72: =DATEDIF(D72,T72,"y") & " г. " & DATEDIF(D72,T72,"ym") & " мес. " & DATEDIF(D72,T72,"md") & " дн." -> 0 г. 0 мес. 1 дн.
A73: 73 | B73: 464 | C73: ДХО | D73: 45712 | E73: 0.55208333 | F73: Горбатюк Михаил Евгеньевич | G73: 39281 | H73: =DATEDIF(G73,D73,"y") & " г. " & DATEDIF(G73,D73,"ym") & " мес. " & DATEDIF(G73,D73,"md") & " дн." -> 17 г. 7 мес. 6 дн. | I73: Из_операционной | J73: ДХО | K73: г. Иваново, ул. Кузнецова, 124, 294 | L73: Острый аппендицит | M73: Болезни органов пищеварения | O73: Периф. вен. кат. | P73: Эпидур. анест. | S73: ДХО | T73: 45716 | U73: 0.4875 | V73: =DATEDIF(D73,T73,"y") & " г. " & DATEDIF(D73,T73,"ym") & " мес. " & DATEDIF(D73,T73,"md") & " дн." -> 0 г. 0 мес. 4 дн.
A74: =ROW(A73) -> 73 | B74: 365 | C74: ДХО | D74: 45714 | E74: 0.60763889 | F74: Литовченко Александр Юрьевич | G74: 39622 | H74: =DATEDIF(G74,D74,"y") & " г. " & DATEDIF(G74,D74,"ym") & " мес. " & DATEDIF(G74,D74,"md") & " дн." -> 16 г. 8 мес. 3 дн. | I74: Из_профильных_отделений | J74: ДХО | K74: г. Кохма, пер. Ивановский, 1/1, 36 | L74: Спонтанный тотальный пневмоторакс справа. | M74: Болезни органов дыхания | O74: Периф. вен. кат. | S74: ДХО | T74: 45716 | U74: 0.45208333 | V74: =DATEDIF(D74,T74,"y") & " г. " & DATEDIF(D74,T74,"ym") & " мес. " & DATEDIF(D74,T74,"md") & " дн." -> 0 г. 0 мес. 2 дн.
A75: =ROW(A74) -> 74 | B75: 486 | C75: ДХО | D75: 45713 | E75: 0.69513889 | F75: Орипов Худоёр Бахтиерович | G75: 43375 | H75: =DATEDIF(G75,D75,"y") & " г. " & DATEDIF(G75,D75,"ym") & " мес. " & DATEDIF(G75,D75,"md") & " дн." -> 6 г. 4 мес. 23 дн. | I75: Доставлен_СМП | K75: г. Иваново, ул. Спортивная, 26, 26 | L75: Термический ожог, S-12% | M75: Ожоговая травма | O75: Периф. вен. кат. | S75: ДХО | T75: 45714 | U75: 0.46527778 | V75: =DATEDIF(D75,T75,"y") & " г. " & DATEDIF(D75,T75,"ym") & " мес. " & DATEDIF(D75,T75,"md") & " дн." -> 0 г. 0 мес. 1 дн.
A76: =ROW(A75) -> 75 | B76: 98 | C76: Педиатрия | D76: 45712 | E76: 0.87361111 | F76: Сухарева Лада Андреевна | G76: 41037 | H76: =DATEDIF(G76,D76,"y") & " г. " & DATEDIF(G76,D76,"ym") & " мес. " & DATEDIF(G76,D76,"md") & " дн." -> 12 г. 9 мес. 16 дн. | I76: Доставлен_СМП | K76: Ивановская обл., г. Фурманов, ул. Тимирязева, 20, 28 | L76: Отравление неизвестным веществом | M76: Отравления | O76: Периф. вен. кат. | S76: Педиатрия | T76: 45713 | U76: 0.45763889 | V76: =DATEDIF(D76,T76,"y") & " г. " & DATEDIF(D76,T76,"ym") & " мес. " & DATEDIF(D76,T76,"md") & " дн." -> 0 г. 0 мес. 1 дн.
A77: =ROW(A76) -> 76 | B77: 98 | C77: Неврология | D77: 45714 | E77: 0.4625 | F77: Черемохин Егор Александрович | G77: 42361 | H77: =DATEDIF(G77,D77,"y") & " г. " & DATEDIF(G77,D77,"ym") & " мес. " & DATEDIF(G77,D77,"md") & " дн." -> 9 г. 2 мес. 3 дн. | I77: Доставлен_СМП | K77: Ивановская обл., г. Приволжск, ул. Большая Московская, 6, 13 | L77: Эпилепсия неуточнённая | M77: Болезни нервной системы и органов чувств | O77: Периф. вен. кат. | S77: Неврология | T77: 45715 | U77: 0.41666667 | V77: =DATEDIF(D77,T77,"y") & " г. " & DATEDIF(D77,T77,"ym") & " мес. " & DATEDIF(D77,T77,"md") & " дн." -> 0 г. 0 мес. 1 дн.
A78: =ROW(A77) -> 77 | B78: 114 | C78: Пед. паллиатив | D78: 45721 | E78: 0.89930556 | F78: Стецик Денис Николаевич | G78: 39803 | H78: =DATEDIF(G78,D78,"y") & " г. " & DATEDIF(G78,D78,"ym") & " мес. " & DATEDIF(G78,D78,"md") & " дн." -> 16 г. 2 мес. 12 дн. | I78: Доставлен_СМП | K78: г. Иваново, мкрн Московский, 9, 24 | L78: Нейрофиброматоз. БЭН. Пневмония | M78: Болезни нервной системы и органов чувств | N78: 209 | O78: ЦВК | S78: Пед. паллиатив | T78: 45730 | U78: 0.58333333 | V78: =DATEDIF(D78,T78,"y") & " г. " & DATEDIF(D78,T78,"ym") & " мес. " & DATEDIF(D78,T78,"md") & " дн." -> 0 г. 0 мес. 9 дн.
A79: =ROW(A78) -> 78 | B79: 525 | C79: ДХО | D79: 45718 | E79: 0.90625 | F79: Борисова Софья Евгеньевна | G79: 45177 | H79: =DATEDIF(G79,D79,"y") & " г. " & DATEDIF(G79,D79,"ym") & " мес. " & DATEDIF(G79,D79,"md") & " дн." -> 1 г. 5 мес. 22 дн. | I79: Из_операционной | J79: ДХО | K79: Ивановская обл., г. Шуя, ул. Свердлова, 100, 43 | L79: Сочетанная травма. Странгуляционная асфиксия. Гипоксическое поражение ЦНС. Колото-резаные ранения грудной стенки, левой кисти. Проникающее колото-резаное ранение брюшной стенки с ранением левой доли печени. Гемоперитонеум. | M79: Травма сочетанная и изолированная | N79: 80 | O79: ЦВК | P79: Эпидур. анест. | S79: ДХО | T79: 45727 | U79: 0.5 | V79: =DATEDIF(D79,T79,"y") & " г. " & DATEDIF(D79,T79,"ym") & " мес. " & DATEDIF(D79,T79,"md") & " дн." -> 0 г. 0 мес. 9 дн.
A80: =ROW(A79) -> 79 | B80: 581 | C80: ДХО | D80: 45725 | E80: 0.94791667 | F80: Кулагина Василиса Кирилловна | G80: 45472 | H80: =DATEDIF(G80,D80,"y") & " г. " & DATEDIF(G80,D80,"ym") & " мес. " & DATEDIF(G80,D80,"md") & " дн." -> 0 г. 8 мес. 8 дн. | I80: Из_операционной | J80: ДХО | K80: Ивановский р-н, д. Беляницы, ул. Пшеничная, 13 | L80: Тонко-тонкокишечная инвагинация. Лапароскопическая дезинвагинация 09.03.25. ОРВИ. | M80: Болезни органов пищеварения | O80: Периф. вен. кат. | S80: ДХО | T80: 45726 | U80: 0.5 | V80: =DATEDIF(D80,T80,"y") & " г. " & DATEDIF(D80,T80,"ym") & " мес. " & DATEDIF(D80,T80,"md") & " дн." -> 0 г. 0 мес. 1 дн.
A81: =ROW(A80) -> 80 | B81: 581 | C81: ДХО | D81: 45727 | E81: 0.75 | F81: Кулагина Василиса Кирилловна | G81: 45472 | H81: =DATEDIF(G81,D81,"y") & " г. " & DATEDIF(G81,D81,"ym") & " мес. " & DATEDIF(G81,D81,"md") & " дн." -> 0 г. 8 мес. 10 дн. | I81: Повторное_поступление | J81: ДХО | K81: Ивановский р-н, д. Беляницы, ул. Пшеничная, 13 | L81: Тонко-тонкокишечная инвагинация. Лапароскопическая дезинвагинация 09.03.25. ОРВИ. | M81: Болезни органов пищеварения | O81: Периф. вен. кат. | S81: Педиатрия | T81: 45728 | U81: 0.99652778 | V81: =DATEDIF(D81,T81,"y") & " г. " & DATEDIF(D81,T81,"ym") & " мес. " & DATEDIF(D81,T81,"md") & " дн." -> 0 г. 0 мес. 1 дн.
A82: =ROW(A81) -> 81 | B82: 129 | C82: Педиатрия | D82: 45729 | E82: 0.0041666667 | F82: Кулагина Василиса Кирилловна | G82: 45472 | H82: =DATEDIF(G82,D82,"y") & " г. " & DATEDIF(G82,D82,"ym") & " мес. " & DATEDIF(G82,D82,"md") & " дн." -> 0 г. 8 мес. 12 дн. | I82: Повторное_поступление | J82: ДХО | K82: Ивановский р-н, д. Беляницы, ул. Пшеничная, 13 | L82: ОРВИ | M82: Инфекционные и паразитарные болезни | O82: Периф. вен. кат. | S82: Педиатрия | T82: 45730 | U82: 0.58333333 | V82: =DATEDIF(D82,T82,"y") & " г. " & DATEDIF(D82,T82,"ym") & " мес. " & DATEDIF(D82,T82,"md") & " дн." -> 0 г. 0 мес. 1 дн.
A83: =ROW(A82) -> 82 | B83: 131 | C83: Неврология | D83: 45729 | E83: 0.17361111 | F83: Лисин Роман Иванович | G83: 45664 | H83: =DATEDIF(G83,D83,"y") & " г. " & DATEDIF(G83,D83,"ym") & " мес. " & DATEDIF(G83,D83,"md") & " дн." -> 0 г. 2 мес. 6 дн. | I83: Доставлен_СМП | K83: Ивановская обл., г. Фурманов, ул. Степана Разина, 8 | L83: Структурная комбинированнаяя эпилепсия с миоклоническими и тоническими приступами, фармакорезистентная. Эпистатус, купированный в догоспитальном периоде. ОРВИ. ДН 2 ст. | M83: Болезни нервной системы и органов чувств | N83: 480 | O83: ЦВК | S83: ОПНН | T83: 45754 | U83: 0.5 | V83: =DATEDIF(D83,T83,"y") & " г. " & DATEDIF(D83,T83,"ym") & " мес. " & DATEDIF(D83,T83,"md") & " дн." -> 0 г. 0 мес. 25 дн.
A84: =ROW(A83) -> 83 | B84: 135 | C84: Педиатрия | D84: 45729 | E84: 0.71527778 | F84: Паутина Ксения Александровна | G84: 40193 | H84: =DATEDIF(G84,D84,"y") & " г. " & DATEDIF(G84,D84,"ym") & " мес. " & DATEDIF(G84,D84,"md") & " дн." -> 15 г. 1 мес. 26 дн. | I84: Доставлен_СМП | K84: г. Иваново, 30й мкрн, 11, 15 | L84: НСД. | M84: Болезни системы кровообращения | O84: Периф. вен. кат. | S84: Педиатрия | T84: 45730 | U84: 0.54166667 | V84: =DATEDIF(D84,T84,"y") & " г. " & DATEDIF(D84,T84,"ym") & " мес. " & DATEDIF(D84,T84,"md") & " дн." -> 0 г. 0 мес. 1 дн.
A85: =ROW(A84) -> 84 | B85: 138 | C85: Пед. паллиатив | D85: 45730 | E85: 0.57291667 | F85: Саидов Мухаммад Курбоналиевич | G85: 45551 | H85: =DATEDIF(G85,D85,"y") & " г. " & DATEDIF(G85,D85,"ym") & " мес. " & DATEDIF(G85,D85,"md") & " дн." -> 0 г. 5 мес. 26 дн. | I85: Из_других_больниц | K85: Московская обл., г. Ногинск, ул. Аэроклубная, 17к1, 87 | L85: Внебольничная двухсторонняя пневмония. ВПР ЦНС, ВПС. Паллиотивный статус. | M85: Болезни органов дыхания | N85: 79 | O85: ЦВК | Q85: Эр. масса | R85: CVVHDF | S85: Летальный исход | T85: 45733 | U85: 0.92013889 | V85: =DATEDIF(D85,T85,"y") & " г. " & DATEDIF(D85,T85,"ym") & " мес. " & DATEDIF(D85,T85,"md") & " дн." -> 0 г. 0 мес. 3 дн.
A86: =ROW(A85) -> 85 | B86: 297 | C86: ДОТО | D86: 45730 | E86: 0.67708333 | F86: Кожевникова Ксения Руслановна | G86: 41406 | H86: =DATEDIF(G86,D86,"y") & " г. " & DATEDIF(G86,D86,"ym") & " мес. " & DATEDIF(G86,D86,"md") & " дн." -> 11 г. 10 мес. 2 дн. | I86: Из_операционной | K86: Вичуга | L86: Коррегирующая остеотомия бедра | M86: Болезни костно-мышечного аппарата | O86: Периф. вен. кат. | S86: ДОТО | T86: 45731 | U86: 0.5 | V86: =DATEDIF(D86,T86,"y") & " г. " & DATEDIF(D86,T86,"ym") & " мес. " & DATEDIF(D86,T86,"md") & " дн." -> 0 г. 0 мес. 1 дн.
A87: =ROW(A86) -> 86 | B87: 628 | C87: ДХО | D87: 45730 | E87: 0.93055556 | F87: Зверева Параскева Сергеевна | G87: 41218 | H87: =DATEDIF(G87,D87,"y") & " г. " & DATEDIF(G87,D87,"ym") & " мес. " & DATEDIF(G87,D87,"md") & " дн." -> 12 г. 4 мес. 9 дн. | I87: Доставлен_СМП | K87: шуя | L87: маточное кровотечение | M87: Болезни мочеполовой системы | O87: ЦВК | S87: ДХО | T87: 45732 | U87: 0.43263889 | V87: =DATEDIF(D87,T87,"y") & " г. " & DATEDIF(D87,T87,"ym") & " мес. " & DATEDIF(D87,T87,"md") & " дн." -> 0 г. 0 мес. 2 дн.
A88: =ROW(A87) -> 87 | B88: 139 | C88: Педиатрия | D88: 45731 | E88: 0.77708333 | F88: Поцхверия Дарья Максимовна | G88: 40284 | H88: =DATEDIF(G88,D88,"y") & " г. " & DATEDIF(G88,D88,"ym") & " мес. " & DATEDIF(G88,D88,"md") & " дн." -> 14 г. 10 мес. 27 дн. | I88: Доставлен_СМП | K88: г. Иваново, ул. Шошина, 15, 109 | L88: Отравление этиловым алкоголем | M88: Отравления | O88: Периф. вен. кат. | S88: Педиатрия | T88: 45732 | U88: 0.43263889 | V88: =DATEDIF(D88,T88,"y") & " г. " & DATEDIF(D88,T88,"ym") & " мес. " & DATEDIF(D88,T88,"md") & " дн." -> 0 г. 0 мес. 1 дн.
A89: =ROW(A88) -> 88 | B89: 140 | C89: Педиатрия | D89: 45731 | E89: 0.93055556 | F89: Соловьёв Кирилл Максимович | G89: 40002 | H89: =DATEDIF(G89,D89,"y") & " г. " & DATEDIF(G89,D89,"ym") & " мес. " & DATEDIF(G89,D89,"md") & " дн." -> 15 г. 8 мес. 7 дн. | I89: Доставлен_СМП | K89: г. Иваново, ул. Авдотьинская, 32, 36 | L89: Отравление этиловым алкоголем | M89: Отравления | O89: Периф. вен. кат. | S89: Педиатрия | T89: 45732 | U89: 0.44375 | V89: =DATEDIF(D89,T89,"y") & " г. " & DATEDIF(D89,T89,"ym") & " мес. " & DATEDIF(D89,T89,"md") & " дн." -> 0 г. 0 мес. 1 дн.
A90: =ROW(A89) -> 89 | B90: 153 | C90: Педиатрия | D90: 45736 | E90: 0.76388889 | F90: Кашникова Дарья Александровна | G90: 45722 | H90: =DATEDIF(G90,D90,"y") & " г. " & DATEDIF(G90,D90,"ym") & " мес. " & DATEDIF(G90,D90,"md") & " дн." -> 0 г. 0 мес. 14 дн. | I90: Из_других_больниц | K90: Южа | L90: Отравление таб. Баклозана | M90: Отравления | O90: Периф. вен. кат. | S90: Педиатрия | T90: 45709 | U90: 0.5 | V90: =DATEDIF(D90,T90,"y") & " г. " & DATEDIF(D90,T90,"ym") & " мес. " & DATEDIF(D90,T90,"md") & " дн." -> #NUM!
A91: =ROW(A90) -> 90 | B91: 653 | C91: ДХО | D91: 45736 | E91: 0.59375 | F91: Павлюк Регина Викторовна | G91: 39856 | H91: =DATEDIF(G91,D91,"y") & " г. " & DATEDIF(G91,D91,"ym") & " мес. " & DATEDIF(G91,D91,"md") & " дн." -> 16 г. 1 мес. 8 дн. | I91: Из_операционной | K91: Шуйский район | L91: Оклюзионная гидроцефалия, состояние после установки ПВШ | M91: Болезни нервной системы и органов чувств | O91: Периф. вен. кат. | S91: ДХО | T91: 45737 | U91: 0.54166667 | V91: =DATEDIF(D91,T91,"y") & " г. " & DATEDIF(D91,T91,"ym") & " мес. " & DATEDIF(D91,T91,"md") & " дн." -> 0 г. 0 мес. 1 дн.
A92: =ROW(A91) -> 91 | B92: 650 | C92: ДХО | D92: 45735 | E92: 0.29166667 | F92: Данилов Савелий Русланович | G92: 45712 | H92: =DATEDIF(G92,D92,"y") & " г. " & DATEDIF(G92,D92,"ym") & " мес. " & DATEDIF(G92,D92,"md") & " дн." -> 0 г. 0 мес. 23 дн. | I92: Из_профильных_отделений | J92: ДХО | K92: Иваново | L92: пилоростеноз | M92: Болезни органов пищеварения | O92: Периф. вен. кат. | S92: ДХО | T92: 45738 | U92: 0.5 | V92: =DATEDIF(D92,T92,"y") & " г. " & DATEDIF(D92,T92,"ym") & " мес. " & DATEDIF(D92,T92,"md") & " дн." -> 0 г. 0 мес. 3 дн.
A93: =ROW(A92) -> 92 | B93: 680 | C93: ДХО | D93: 45738 | E93: 0.4375 | F93: Малков Андрей Витальевич | G93: 45083 | H93: =DATEDIF(G93,D93,"y") & " г. " & DATEDIF(G93,D93,"ym") & " мес. " & DATEDIF(G93,D93,"md") & " дн." -> 1 г. 9 мес. 16 дн. | I93: Доставлен_СМП | K93: иваново шубиных | L93: Химический ожог пищевода | M93: Болезни органов пищеварения | O93: Периф. вен. кат. | S93: ДХО | T93: 45739 | U93: 0.54166667 | V93: =DATEDIF(D93,T93,"y") & " г. " & DATEDIF(D93,T93,"ym") & " мес. " & DATEDIF(D93,T93,"md") & " дн." -> 0 г. 0 мес. 1 дн.
A94: =ROW(A93) -> 93 | B94: 154 | C94: Неврология | D94: 45738 | E94: 0.45833333 | F94: Раджабов Рамазан Хасанович | G94: 45704 | H94: =DATEDIF(G94,D94,"y") & " г. " & DATEDIF(G94,D94,"ym") & " мес. " & DATEDIF(G94,D94,"md") & " дн." -> 0 г. 1 мес. 6 дн. | I94: Доставлен_СМП | K94: Иваново 13 березняковская | L94: Инфекционно-токсический шок | M94: Инфекционные и паразитарные болезни | N94: 10 | O94: ЦВК | S94: Летальный исход | T94: 45738 | U94: 0.88194444 | V94: =DATEDIF(D94,T94,"y") & " г. " & DATEDIF(D94,T94,"ym") & " мес. " & DATEDIF(D94,T94,"md") & " дн." -> 0 г. 0 мес. 0 дн.
A95: =ROW(A94) -> 94 | B95: 146 | C95: Педиатрия | D95: 45734 | E95: 0.00069444444 | F95: Колесникова Ульяна Марковна | G95: 44435 | H95: =DATEDIF(G95,D95,"y") & " г. " & DATEDIF(G95,D95,"ym") & " мес. " & DATEDIF(G95,D95,"md") & " дн." -> 3 г. 6 мес. 19 дн. | I95: Доставлен_СМП | K95: г. Иваново, ул. Стрелковая, 8, 44 | L95: Пароксизмальная наджелудочковая тахикардия | M95: Болезни системы кровообращения | O95: Периф. вен. кат. | S95: Педиатрия | T95: 45734 | U95: 0.52916667 | V95: =DATEDIF(D95,T95,"y") & " г. " & DATEDIF(D95,T95,"ym") & " мес. " & DATEDIF(D95,T95,"md") & " дн." -> 0 г. 0 мес. 0 дн.
A96: =ROW(A95) -> 95 | B96: 157 | C96: Педиатрия | D96: 45740 | E96: 0.0069444444 | F96: Алешникова Анастасия Павловна | G96: 43234 | H96: =DATEDIF(G96,D96,"y") & " г. " & DATEDIF(G96,D96,"ym") & " мес. " & DATEDIF(G96,D96,"md") & " дн." -> 6 г. 10 мес. 10 дн. | I96: Доставлен_СМП | K96: Иваново 19 линия 19-1 | L96: СД 1 типа | M96: Болезни эндокринной системы и нарушения обмена веществ | O96: Периф. вен. кат. | S96: Другие больницы | T96: 45746 | U96: 0.5 | V96: =DATEDIF(D96,T96,"y") & " г. " & DATEDIF(D96,T96,"ym") & " мес. " & DATEDIF(D96,T96,"md") & " дн." -> 0 г. 0 мес. 6 дн.
A97: =ROW(A96) -> 96 | B97: 722 | C97: ДХО | D97: 45742 | E97: 0.88194444 | F97: Углов Матвей Александрович | G97: 40340 | H97: =DATEDIF(G97,D97,"y") & " г. " & DATEDIF(G97,D97,"ym") & " мес. " & DATEDIF(G97,D97,"md") & " дн." -> 14 г. 9 мес. 15 дн. | I97: Из_операционной | J97: ДХО | K97: г.Иваново, мкрн. Рождественский, д.4, кв.242 | L97: Дивертикул Меккеля | M97: Болезни органов пищеварения | O97: ЦВК | P97: Эпидур. анест. | S97: ДХО | T97: 45747 | U97: 0.5 | V97: =DATEDIF(D97,T97,"y") & " г. " & DATEDIF(D97,T97,"ym") & " мес. " & DATEDIF(D97,T97,"md") & " дн." -> 0 г. 0 мес. 5 дн.
A98: =ROW(A97) -> 97 | B98: 396 | C98: Пульмо | D98: 45743 | E98: 0.52083333 | F98: Устрелова Ульяна Романовна | G98: 40300 | H98: =DATEDIF(G98,D98,"y") & " г. " & DATEDIF(G98,D98,"ym") & " мес. " & DATEDIF(G98,D98,"md") & " дн." -> 14 г. 10 мес. 25 дн. | I98: Доставлен_СМП | K98: Ивановский р-н, с. Ново-Талицы, д.13, кв.19 | L98: Пневмония внебольничная, правосторонняя, нижнедолевая\ | M98: Болезни органов дыхания | N98: 120 | O98: Периф. вен. кат. | S98: Летальный исход | T98: 45752 | U98: 0.33333333 | V98: =DATEDIF(D98,T98,"y") & " г. " & DATEDIF(D98,T98,"ym") & " мес. " & DATEDIF(D98,T98,"md") & " дн." -> 0 г. 0 мес. 9 дн.
A99: =ROW(A98) -> 98 | B99: 370 | C99: ДОТО | D99: 45742 | E99: 0.88194444 | F99: Федотов Егор Алексеевич | G99: 41548 | H99: =DATEDIF(G99,D99,"y") & " г. " & DATEDIF(G99,D99,"ym") & " мес. " & DATEDIF(G99,D99,"md") & " дн." -> 11 г. 5 мес. 25 дн. | I99: Из_других_больниц | K99: Кинешма Чистая 52 | L99: Кататравма. Сочетанная травма. | M99: Травма сочетанная и изолированная | O99: ЦВК | P99: Эпидур. анест. | S99: ДОТО | T99: 45748 | U99: 0.60416667 | V99: =DATEDIF(D99,T99,"y") & " г. " & DATEDIF(D99,T99,"ym") & " мес. " & DATEDIF(D99,T99,"md") & " дн." -> 0 г. 0 мес. 6 дн.
A100: =ROW(A99) -> 99 | B100: 159 | C100: Нефро | D100: 45744 | E100: 0.60416667 | F100: Севастьянова Марина Михайловна | G100: 43603 | H100: =DATEDIF(G100,D100,"y") & " г. " & DATEDIF(G100,D100,"ym") & " мес. " & DATEDIF(G100,D100,"md") & " дн." -> 5 г. 10 мес. 10 дн. | I100: Доставлен_СМП | K100: г. Комсомольск, ул. Ломоносова, 28 | L100: Нейрогенная дисфункция мочевого пузыря. Асцит. | M100: Пороки и врождённые аномалии развития | O100: Периф. вен. кат. | S100: Нефро | T100: 45747 | U100: 0.5 | V100: =DATEDIF(D100,T100,"y") & " г. " & DATEDIF(D100,T100,"ym") & " мес. " & DATEDIF(D100,T100,"md") & " дн." -> 0 г. 0 мес. 3 дн.
...

Sheet Лист2
A1: Длительность | B1: Кол-во | C1: Возраст | D1: Кол-во2 | E1: Канал поступления | F1: Кол-во3 | G1: Куда переведён | H1: Кол-во4 | I1: ИВЛ детям в возрасте | J1: Кол-во5 | K1: ИВЛ по срокам | L1: Кол-во6 | M1: Сосудистый доступ | N1: Кол-во11 | O1: Регион. анестезия | P1: Кол-во9 | Q1: Трансфузии | R1: Кол-во93 | S1: ЭКД | T1: Кол-во94 | U1: Примечания | V1: Длительность, сут. | W1: Возраст в днях
A2: До 1 сут. | B2: =COUNTIF(V:V, ">=0")-COUNTIF(V:V, ">=1")-COUNTIF(Лист1!R:R, "=0") -> 2119 | C2: До 7 дней | D2: =COUNTIF(W:W,">=0")-COUNTIF(W:W, ">=7")-COUNTIF(Лист1!R:R, "=0") -> 2077 | E2: Доставлен_СМП | F2: =COUNTIF(Лист1!I:I, "Доставлен_СМП") -> 2289 | G2: Пед. паллиатив | H2: =COUNTIF(Лист1!S:S, "Пед. паллиатив") -> 9 | I2: До 7 дней | J2: =COUNTIFS(W2:W2500,"<7",Лист1!N2:N2499,">0") -> #VALUE! | K2: До 1 сут. | L2: =COUNTIFS(Лист1!N2:N2509,"<24")-COUNTIFS(Лист1!N2:N2509,"=0") -> 4 | M2: Без доступа | N2: =COUNTIF(Лист1!O:O,"=Без доступа") -> 1 | O2: Эпидур. анест. | P2: =COUNTIF(Лист1!P:P,"=Эпидур. анест.") -> 43 | Q2: СЗП+/-крио | R2: =COUNTIF(Лист1!Q:Q,"СЗП+/-крио") -> 4 | S2: CVVHDF | T2: =COUNTIF(Лист1!R:R,"CVVHDF") -> 2 | U2: Интестин. зонд | V2: =Таблица1[[#This Row],[Дата перевода]]-Таблица1[[#This Row],[Дата поступления]] -> 43 | W2: =Таблица1[[#This Row],[Дата поступления]]-Таблица1[[#This Row],[Дата рождения]] -> 5827 | Z2: Без доступа | AA2: Эпидур. анест. | AB2: СЗП+/-крио | AC2: CVVHDF | AD2: Интестин. зонд | AG2: Лечащий врач | AH2: Кол-во пациентов
A3: 1-3 сут. | B3: =COUNTIF(V:V, ">=1")-COUNTIF(V:V, ">=3") -> 239 | C3: 7-29 дней | D3: =COUNTIF(W:W,">=7")-COUNTIF(W:W, ">=29") -> 10 | E3: Из_операционной | F3: =COUNTIF(Лист1!I:I, "Из_операционной") -> 83 | G3: ДХО | H3: =COUNTIF(Лист1!S:S, "ДХО") -> 130 | I3: 7-29 дней | J3: =COUNTIFS(W2:W2500,"<29",Лист1!N2:N2499,">0")-COUNTIFS(W2:W2500,"<7",Лист1!N2:N2499,">0") -> #VALUE! | K3: 1-3 сут. | L3: =COUNTIFS(Лист1!N2:N2509,"<96")-COUNTIFS(Лист1!N2:N2509,"<24") -> 5 | M3: Периф. вен. кат. | N3: =COUNTIF(Лист1!O:O,"=Периф. вен. кат.") -> 325 | O3: СМА | P3: =COUNTIF(Лист1!P:P,"=СМА") -> 0 | Q3: Эр. масса | R3: =COUNTIF(Лист1!Q:Q,"Эр. масса") -> 16 | S3: MPS | T3: =COUNTIF(Лист1!R:R,"MPS") -> 1 | U3: =COUNTIF(Лист1!W:W,"Интестин. зонд")+COUNTIF(Лист1!W:W,"Интестин. Зонд+датчик ВЧД")+COUNTIF(Лист1!W:W,"Интестин. Зонд+датчик ВЧД+инваз. АД") -> 0 | V3: =Таблица1[[#This Row],[Дата перевода]]-Таблица1[[#This Row],[Дата поступления]] -> 34 | W3: =Таблица1[[#This Row],[Дата поступления]]-Таблица1[[#This Row],[Дата рождения]] -> 6128 | Z3: Периф. вен. кат. | AA3: СМА | AB3: Эр. масса | AC3: MPS | AD3: Датчик ВЧД | AG3: Коновалова | AH3: =COUNTIF(Лист1!X:X,"Коновалова") -> 0
A4: 3-30 сут. | B4: =COUNTIF(V:V, ">=3")-COUNTIF(V:V, ">=30") -> 126 | C4: До 1 года | D4: =COUNTIF(W:W,">=29")-COUNTIF(W:W, ">=365") -> 46 | E4: Из_профильных_отделений | F4: =COUNTIF(Лист1!I:I,"Из_профильных_отделений") -> 53 | G4: ДОТО | H4: =COUNTIF(Лист1!S:S, "ДОТО") -> 65 | I4: До 1 года | J4: =COUNTIFS(W2:W2500,"<365",Лист1!N2:N2499,">0")-COUNTIFS(W2:W2500,"<29",Лист1!N2:N2499,">0") -> #VALUE! | K4: 3-7 сут. | L4: =COUNTIFS(Лист1!N2:N2509,"<168")-COUNTIFS(Лист1!N2:N2509,"<96") -> 1 | M4: ЦВК | N4: =COUNTIF(Лист1!O:O,"=ЦВК") -> 101 | O4: Блокады сплетений | P4: =COUNTIF(Лист1!P:P,"=Блокады сплетений") -> 2 | Q4: Тромб. | R4: =COUNTIF(Лист1!Q:Q,"Тромб.") -> 1 | S4: PD | T4: =COUNTIF(Лист1!R:R,"PD") -> 0 | U4: Датчик ВЧД | V4: =Таблица1[[#This Row],[Дата перевода]]-Таблица1[[#This Row],[Дата поступления]] -> 15 | W4: =Таблица1[[#This Row],[Дата поступления]]-Таблица1[[#This Row],[Дата рождения]] -> 3123 | Z4: ЦВК | AA4: Блокады сплетений | AB4: Тромб. | AC4: PD | AD4: Инваз. АД | AG4: Яроменок | AH4: =COUNTIF(Лист1!X:X,"Яроменок") -> 0
A5: Свыше 30 сут. | B5: =COUNTIF(V:V, ">=30") -> 9 | C5: 1-3 года | D5: =COUNTIF(W:W,">=365")-COUNTIF(W:W, ">=1095") -> 57 | E5: Из_других_больниц | F5: =COUNTIF(Лист1!I:I,"Из_других_больниц") -> 34 | G5: Нефро | H5: =COUNTIF(Лист1!S:S, "Нефро") -> 8 | I5: 1-3 года | J5: =COUNTIFS(W2:W2500,"<1095",Лист1!N2:N2499,">0")-COUNTIFS(W2:W2500,"<365",Лист1!N2:N2499,">0") -> #VALUE! | K5: 7-20 сут. | L5: =COUNTIFS(Лист1!N2:N2509,"<480")-COUNTIFS(Лист1!N2:N2509,"<168") -> 9 | M5: ЦВК №2 | N5: =COUNTIF(Лист1!O:O,"=ЦВК №2") -> 1 | Q5: СЗП+Эр | R5: =COUNTIF(Лист1!Q:Q,"СЗП+Эр") -> 9 | S5: Кишеч. лаваж | T5: =COUNTIF(Лист1!R:R,"Кишеч. лаваж") -> 1 | U5: =COUNTIF(Лист1!W:W,"Датчик ВЧД")+COUNTIF(Лист1!W:W,"Интестин. Зонд+датчик ВЧД")+COUNTIF(Лист1!W:W,"Датчик ВЧД+Инваз. АД")+COUNTIF(Лист1!W:W,"Интестин. Зонд+датчик ВЧД+инваз. АД") -> 0 | V5: =Таблица1[[#This Row],[Дата перевода]]-Таблица1[[#This Row],[Дата поступления]] -> 22 | W5: =Таблица1[[#This Row],[Дата поступления]]-Таблица1[[#This Row],[Дата рождения]] -> 2822 | Z5: ЦВК №2 | AC5: Кишеч. лаваж | AD5: Интестин. Зонд+датчик ВЧД | AG5: Тонеев | AH5: =COUNTIF(Лист1!X:X,"Тонеев") -> 0
A6: Всего | B6: =SUM(B2:B5) -> 2493 | C6: 3-7 лет | D6: =COUNTIF(W:W,">=1095")-COUNTIF(W:W, ">=2555") -> 48 | E6: Из_родильных_домов | F6: =COUNTIF(Лист1!I:I,"Из_родильных_домов") -> 2 | G6: ОПНН | H6: =COUNTIF(Лист1!S:S, "ОПНН") -> 4 | I6: 3-7 лет | J6: =COUNTIFS(W2:W2500,"<2555",Лист1!N2:N2499,">0")-COUNTIFS(W2:W2500,"<1095",Лист1!N2:N2499,">0") -> #VALUE! | K6: Более 20 сут. | L6: =COUNTIFS(Лист1!N2:N2509,">480") -> 3 | M6: ЦВК>=3 | N6: =COUNTIF(Лист1!O:O,"=ЦВК>=3") -> 0 | Q6: СЗП+Тр | R6: =COUNTIF(Лист1!Q:Q,"СЗП+Тр") -> 1 | S6: CVVHDF+MPS | T6: =COUNTIF(Лист1!R:R,"CVVHDF+MPS") -> 0 | U6: Инваз. АД | V6: =Таблица1[[#This Row],[Дата перевода]]-Таблица1[[#This Row],[Дата поступления]] -> 1 | W6: =Таблица1[[#This Row],[Дата поступления]]-Таблица1[[#This Row],[Дата рождения]] -> 6350 | Z6: ЦВК>=№3 | AC6: CVVHDF+MPS | AD6: Датчик ВЧД+Инваз. АД | AG6: Новиков АА | AH6: =COUNTIF(Лист1!X:X,"Новиков АА") -> 0
C7: 7-15 лет | D7: =COUNTIF(W:W,">=2555")-COUNTIF(W:W, ">=5475") -> 148 | E7: Повторное_поступление | F7: =COUNTIF(Лист1!I:I,"Повторное_поступление") -> 9 | G7: Пульмо | H7: =COUNTIF(Лист1!S:S, "Пульмо") -> 14 | I7: 7-15 лет | J7: =COUNTIFS(W2:W2500,"<5475",Лист1!N2:N2499,">0")-COUNTIFS(W2:W2500,"<2555",Лист1!N2:N2499,">0") -> #VALUE! | K7: Новорожденным | L7: =COUNTIFS(W2:W2500,"<=28",Лист1!N2:N2499,">0") -> #VALUE! | M7: Гл. вен. линия | N7: =COUNTIF(Лист1!O:O,"=Гл. вен. линия") -> 8 | Q7: Эр+Тр | R7: =COUNTIF(Лист1!Q:Q,"Эр+Тр") -> 2 | S7: CVVHDF+PD | T7: =COUNTIF(Лист1!R:R,"CVVHDF+PD") -> 0 | U7: =COUNTIF(Лист1!W:W,"Инваз. АД")+COUNTIF(Лист1!W:W,"Датчик ВЧД+Инваз. АД")+COUNTIF(Лист1!W:W,"Интестин. Зонд+датчик ВЧД+инваз. АД") -> 0 | V7: =Таблица1[[#This Row],[Дата перевода]]-Таблица1[[#This Row],[Дата поступления]] -> 2 | W7: =Таблица1[[#This Row],[Дата поступления]]-Таблица1[[#This Row],[Дата рождения]] -> 5063 | Z7: Гл. вен. линия | AC7: CVVHDF+PD | AD7: Интестин. Зонд+датчик ВЧД+инваз. АД | AG7: Можаев | AH7: =COUNTIF(Лист1!X:X,"Можаев") -> 0
C8: 15-18 лет | D8: =COUNTIF(W:W,">=5475")-COUNTIF(W:W, ">=6575") -> 111 | E8: Самотёком | F8: =COUNTIF(Лист1!I:I,"Самотёком") -> 7 | G8: Педиатрия | H8: =COUNTIF(Лист1!S:S, "Педиатрия") -> 101 | I8: 15-18 лет | J8: =COUNTIFS(W2:W2500,"<6575",Лист1!N2:N2499,">0")-COUNTIFS(W2:W2500,"<5475",Лист1!N2:N2499,">0") -> #VALUE! | K8: Всего | L8: =SUM(L2:L6) -> 22 | M8: Диализ. катетер | N8: =COUNTIF(Лист1!O:O,"=Диализ. катетер") -> 0 | Q8: СЗП+Эр+Тр | R8: =COUNTIF(Лист1!Q:Q,"СЗП+Эр+Тр") -> 0 | S8: CVVHDF+Кишеч. Лаваж | T8: =COUNTIF(Лист1!R:R,"CVVHDF+Кишеч. лаваж") -> 0 | V8: =Таблица1[[#This Row],[Дата перевода]]-Таблица1[[#This Row],[Дата поступления]] -> 3 | W8: =Таблица1[[#This Row],[Дата поступления]]-Таблица1[[#This Row],[Дата рождения]] -> 3547 | Z8: Диализ. катетер | AC8: CVVHDF+Кишеч. Лаваж | AG8: Баженов | AH8: =COUNTIF(Лист1!X:X,"Баженов") -> 0
C9: Всего | D9: =SUM(D2:D8) -> 2497 | E9: Всего | F9: =SUM(F2:F8) -> 2477 | G9: Неврология | H9: =COUNTIF(Лист1!S:S, "Неврология") -> 25 | I9: Всего | J9: =SUM(J2:J8) -> #VALUE! | M9: Всего ЦВК | N9: =SUM(N4:N6,N8) -> 102 | Q9: Всего | R9: =SUM(R2:R8) -> 33 | S9: Плазмаферез | T9: =COUNTIF(Лист1!R:R,"Плазмаферез") -> 2 | V9: =Таблица1[[#This Row],[Дата перевода]]-Таблица1[[#This Row],[Дата поступления]] -> 1 | W9: =Таблица1[[#This Row],[Дата поступления]]-Таблица1[[#This Row],[Дата рождения]] -> 6456 | AC9: Плазмаферез | AG9: Корольков | AH9: =COUNTIF(Лист1!X:X,"Корольков") -> 0
G10: Другие больницы | H10: =COUNTIF(Лист1!S:S, "Другие больницы") -> 45 | Q10: СЗП всего | R10: =COUNTIF(Лист1!Q:Q,"СЗП+/-крио")+COUNTIF(Лист1!Q:Q,"СЗП+Эр")+COUNTIF(Лист1!Q:Q,"СЗП+Тр")+COUNTIF(Лист1!Q:Q,"СЗП+Эр+Тр") -> 14 | S10: Всего CVVHDF | T10: =SUM(T2,T6:T8) -> 2 | V10: =Таблица1[[#This Row],[Дата перевода]]-Таблица1[[#This Row],[Дата поступления]] -> 367 | W10: =Таблица1[[#This Row],[Дата поступления]]-Таблица1[[#This Row],[Дата рождения]] -> 502 | AG10: Потапова | AH10: =COUNTIF(Лист1!X:X,"Потапова") -> 0
G11: Летальный исход | H11: =COUNTIF(Лист1!S:S, "Летальный исход") -> 9 | Q11: Эр всего | R11: =COUNTIF(Лист1!Q:Q,"Эр. масса")+COUNTIF(Лист1!Q:Q,"СЗП+Эр")+COUNTIF(Лист1!Q:Q,"Эр+Тр")+COUNTIF(Лист1!Q:Q,"СЗП+Эр+Тр") -> 27 | S11: Всего MPS | T11: =SUM(T3,T6) -> 1 | V11: =Таблица1[[#This Row],[Дата перевода]]-Таблица1[[#This Row],[Дата поступления]] -> 366 | W11: =Таблица1[[#This Row],[Дата поступления]]-Таблица1[[#This Row],[Дата рождения]] -> 5438 | AG11: Крошкина | AH11: =COUNTIF(Лист1!X:X,"Крошкина") -> 0
G12: Прочее | H12: =COUNTIF(Лист1!S:S, "Прочее") -> 15 | Q12: Тр всего | R12: =COUNTIF(Лист1!Q:Q,"Тромб.")+COUNTIF(Лист1!Q:Q,"СЗП+Тр")+COUNTIF(Лист1!Q:Q,"Эр+Тр")+COUNTIF(Лист1!Q:Q,"СЗП+Эр+Тр") -> 4 | S12: Всего PD | T12: =SUM(T4,T7) -> 0 | V12: =Таблица1[[#This Row],[Дата перевода]]-Таблица1[[#This Row],[Дата поступления]] -> 3 | W12: =Таблица1[[#This Row],[Дата поступления]]-Таблица1[[#This Row],[Дата рождения]] -> 642 | AG12: Громов | AH12: =COUNTIF(Лист1!X:X,"Громов") -> 0
G13: Всего | H13: =SUM(H2:H12) -> 425 | S13: Всего кишеч. Лаваж | T13: =SUM(T5,T8) -> 1 | V13: =Таблица1[[#This Row],[Дата перевода]]-Таблица1[[#This Row],[Дата поступления]] -> 1 | W13: =Таблица1[[#This Row],[Дата поступления]]-Таблица1[[#This Row],[Дата рождения]] -> 5791 | AG13: Кудуев | AH13: =COUNTIF(Лист1!X:X,"Кудуев") -> 0
A14: Койко-дней всего | B14: =SUM(V2:V2511) -> #VALUE! | S14: Всего ЭКД | T14: =SUM(T9:T13) -> 6 | V14: =Таблица1[[#This Row],[Дата перевода]]-Таблица1[[#This Row],[Дата поступления]] -> 14 | W14: =Таблица1[[#This Row],[Дата поступления]]-Таблица1[[#This Row],[Дата рождения]] -> 3580 | AG14: Кулигина | AH14: =COUNTIF(Лист1!X:X,"Кулигина") -> 0
V15: =Таблица1[[#This Row],[Дата перевода]]-Таблица1[[#This Row],[Дата поступления]] -> 1 | W15: =Таблица1[[#This Row],[Дата поступления]]-Таблица1[[#This Row],[Дата рождения]] -> 4044 | AG15: Челышев | AH15: =COUNTIF(Лист1!X:X,"Челышев") -> 0
G16: Пед. паллиатив | I16: Пед. паллиатив | K16: Пед. паллиатив | V16: =Таблица1[[#This Row],[Дата перевода]]-Таблица1[[#This Row],[Дата поступления]] -> 3 | W16: =Таблица1[[#This Row],[Дата поступления]]-Таблица1[[#This Row],[Дата рождения]] -> 43 | AG16: Грачёва | AH16: =COUNTIF(Лист1!X:X,"Грачёва") -> 0
G17: ДХО | I17: ДХО | K17: ДХО | V17: =Таблица1[[#This Row],[Дата перевода]]-Таблица1[[#This Row],[Дата поступления]] -> 1 | W17: =Таблица1[[#This Row],[Дата поступления]]-Таблица1[[#This Row],[Дата рождения]] -> 5349 | AG17: Шишкова | AH17: =COUNTIF(Лист1!X:X,"Шишкова") -> 0
G18: ДОТО | I18: ДОТО | K18: ДОТО | V18: =Таблица1[[#This Row],[Дата перевода]]-Таблица1[[#This Row],[Дата поступления]] -> 3 | W18: =Таблица1[[#This Row],[Дата поступления]]-Таблица1[[#This Row],[Дата рождения]] -> 6014 | AG18: Новиков ИЮ | AH18: =COUNTIF(Лист1!X:X,"Новиков ИЮ") -> 0
G19: Нефро | I19: Нефро | K19: Нефро | V19: =Таблица1[[#This Row],[Дата перевода]]-Таблица1[[#This Row],[Дата поступления]] -> 1 | W19: =Таблица1[[#This Row],[Дата поступления]]-Таблица1[[#This Row],[Дата рождения]] -> 6141 | AG19: Савичева | AH19: =COUNTIF(Лист1!X:X,"Савичева") -> 0
G20: ОПНН | I20: ОПНН | K20: ОПНН | V20: =Таблица1[[#This Row],[Дата перевода]]-Таблица1[[#This Row],[Дата поступления]] -> 1 | W20: =Таблица1[[#This Row],[Дата поступления]]-Таблица1[[#This Row],[Дата рождения]] -> 4934 | AG20: Итого | AH20: =SUM(AH3:AH19) -> 0
G21: Пульмо | I21: Пульмо | K21: Пульмо | V21: =Таблица1[[#This Row],[Дата перевода]]-Таблица1[[#This Row],[Дата поступления]] -> 1 | W21: =Таблица1[[#This Row],[Дата поступления]]-Таблица1[[#This Row],[Дата рождения]] -> 5868
G22: Педиатрия | I22: Педиатрия | K22: Педиатрия | V22: =Таблица1[[#This Row],[Дата перевода]]-Таблица1[[#This Row],[Дата поступления]] -> 1 | W22: =Таблица1[[#This Row],[Дата поступления]]-Таблица1[[#This Row],[Дата рождения]] -> 1388
G23: Неврология | I23: Неврология | K23: Неврология | V23: =Таблица1[[#This Row],[Дата перевода]]-Таблица1[[#This Row],[Дата поступления]] -> 0 | W23: =Таблица1[[#This Row],[Дата поступления]]-Таблица1[[#This Row],[Дата рождения]] -> 5166
V24: =Таблица1[[#This Row],[Дата перевода]]-Таблица1[[#This Row],[Дата поступления]] -> 1 | W24: =Таблица1[[#This Row],[Дата поступления]]-Таблица1[[#This Row],[Дата рождения]] -> 707
V25: =Таблица1[[#This Row],[Дата перевода]]-Таблица1[[#This Row],[Дата поступления]] -> 1 | W25: =Таблица1[[#This Row],[Дата поступления]]-Таблица1[[#This Row],[Дата рождения]] -> 5803
V26: =Таблица1[[#This Row],[Дата перевода]]-Таблица1[[#This Row],[Дата поступления]] -> 1 | W26: =Таблица1[[#This Row],[Дата поступления]]-Таблица1[[#This Row],[Дата рождения]] -> 0
V27: =Таблица1[[#This Row],[Дата перевода]]-Таблица1[[#This Row],[Дата поступления]] -> 3 | W27: =Таблица1[[#This Row],[Дата поступления]]-Таблица1[[#This Row],[Дата рождения]] -> 2988
V28: =Таблица1[[#This Row],[Дата перевода]]-Таблица1[[#This Row],[Дата поступления]] -> 1 | W28: =Таблица1[[#This Row],[Дата поступления]]-Таблица1[[#This Row],[Дата рождения]] -> 46
V29: =Таблица1[[#This Row],[Дата перевода]]-Таблица1[[#This Row],[Дата поступления]] -> 1 | W29: =Таблица1[[#This Row],[Дата поступления]]-Таблица1[[#This Row],[Дата рождения]] -> 838
V30: =Таблица1[[#This Row],[Дата перевода]]-Таблица1[[#This Row],[Дата поступления]] -> 4 | W30: =Таблица1[[#This Row],[Дата поступления]]-Таблица1[[#This Row],[Дата рождения]] -> 18
V31: =Таблица1[[#This Row],[Дата перевода]]-Таблица1[[#This Row],[Дата поступления]] -> 2 | W31: =Таблица1[[#This Row],[Дата поступления]]-Таблица1[[#This Row],[Дата рождения]] -> 1393
V32: =Таблица1[[#This Row],[Дата перевода]]-Таблица1[[#This Row],[Дата поступления]] -> 1 | W32: =Таблица1[[#This Row],[Дата поступления]]-Таблица1[[#This Row],[Дата рождения]] -> 6336
V33: =Таблица1[[#This Row],[Дата перевода]]-Таблица1[[#This Row],[Дата поступления]] -> 2 | W33: =Таблица1[[#This Row],[Дата поступления]]-Таблица1[[#This Row],[Дата рождения]] -> 5274
V34: =Таблица1[[#This Row],[Дата перевода]]-Таблица1[[#This Row],[Дата поступления]] -> 12 | W34: =Таблица1[[#This Row],[Дата поступления]]-Таблица1[[#This Row],[Дата рождения]] -> 6163
V35: =Таблица1[[#This Row],[Дата перевода]]-Таблица1[[#This Row],[Дата поступления]] -> 5 | W35: =Таблица1[[#This Row],[Дата поступления]]-Таблица1[[#This Row],[Дата рождения]] -> 5805
... V2511: =Таблица1[[#This Row],[Дата перевода]]-Таблица1[[#This Row],[Дата поступления]] -> #VALUE! | W2511: =Таблица1[[#This Row],[Дата поступления]]-Таблица1[[#This Row],[Дата рождения]] -> #VALUE!

Sheet Лист3
A1: Диагнозы | B1: Кол-во
A2: Инфекционные и паразитарные болезни | B2: =COUNTIF(Лист1!M:M,"=Инфекционные и паразитарные болезни") -> 5
A3: Новообразования | B3: =COUNTIF(Лист1!M:M,"=Новообразования") -> 9
A4: Болезни крови и кроветворных органов | B4: =COUNTIF(Лист1!M:M,"=Болезни крови и кроветворных органов") -> 8
A5: Болезни эндокринной системы и нарушения обмена веществ | B5: =COUNTIF(Лист1!M:M,"=Болезни эндокринной системы и нарушения обмена веществ") -> 41
A6: Психические расстройства | B6: =COUNTIF(Лист1!M:M,"=Психические расстройства") -> 0
A7: Ретинопатии | B7: =COUNTIF(Лист1!M:M,"=Ретинопатии") -> 2
A8: Болезни нервной системы и органов чувств | B8: =COUNTIF(Лист1!M:M,"=Болезни нервной системы и органов чувств") -> 58
A9: Болезни системы кровообращения | B9: =COUNTIF(Лист1!M:M,"=Болезни системы кровообращения") -> 17
A10: Болезни органов дыхания | B10: =COUNTIF(Лист1!M:M,"=Болезни органов дыхания") -> 30
A11: Болезни органов пищеварения | B11: =COUNTIF(Лист1!M:M,"=Болезни органов пищеварения") -> 56
A12: Болезни мочеполовой системы | B12: =COUNTIF(Лист1!M:M,"=Болезни мочеполовой системы") -> 14
A13: Болезни костно-мышечного аппарата | B13: =COUNTIF(Лист1!M:M,"=Болезни костно-мышечного аппарата") -> 19
A14: Травма сочетанная и изолированная | B14: =COUNTIF(Лист1!M:M,"=Травма сочетанная и изолированная") -> 73
A15: Флегмоны, абсцессы и другие повреждения мягких тканей | B15: =COUNTIF(Лист1!M:M,"=Флегмоны, абсцессы и другие повреждения мягких тканей") -> 3
A16: Ожоговая травма | B16: =COUNTIF(Лист1!M:M,"=Ожоговая травма") -> 23
A17: Отравления | B17: =COUNTIF(Лист1!M:M,"=Отравления") -> 67
A18: Пороки и врождённые аномалии развития | B18: =COUNTIF(Лист1!M:M,"=Пороки и врождённые аномалии развития") -> 11
A19: Болезни неонатального возраста | B19: =COUNTIF(Лист2!W:W,"<=28")-COUNTIF(Лист2!W:W,"=0") -> 15
A20: Болезни в возрасте до 5 лет | B20: =COUNTIF(Лист2!W:W,"<1825")-COUNTIF(Лист2!W:W,"<=28") -> 129
A21: Болезни в возрасте 5-12 лет | B21: =COUNTIF(Лист2!W:W,"<4380")-COUNTIF(Лист2!W:W,"<1825") -> 88
A22: Болезни в возрасте 12-18 лет | B22: =COUNTIF(Лист2!W:W,"<=6575")-COUNTIF(Лист2!W:W,"<4380") -> 193
A23: Итого | B23: =SUM(B2:B18) -> 436
